Date,Open,High,Low,Close*,Adj Close**,Volume
08-Oct-24,570.42,571.35,569.53,570.88,570.88,"7,431,599"
07-Oct-24,571.3,571.96,566.63,567.8,567.8,"49,814,900"
04-Oct-24,572.35,573.36,568.1,572.98,572.98,"42,939,100"
03-Oct-24,567.36,569.8,565.49,567.82,567.82,"40,846,500"
02-Oct-24,567.71,569.9,565.27,568.86,568.86,"38,097,800"
01-Oct-24,573.4,574.06,566,568.62,568.62,"72,668,800"
30-Sep-24,570.42,574.38,568.08,573.76,573.76,"63,557,400"
27-Sep-24,573.39,574.22,570.42,571.47,571.47,"42,100,900"
26-Sep-24,574.38,574.71,569.9,572.3,572.3,"48,336,000"
25-Sep-24,571.14,571.89,568.91,570.04,570.04,"38,428,600"
24-Sep-24,570.48,571.36,567.6,571.3,571.3,"46,805,700"
23-Sep-24,569.34,570.33,568.1,569.67,569.67,"44,116,900"
20-Sep-24,567.84,569.31,565.17,568.25,568.25,"77,503,100"
20-Sep-24,1.746 Dividend,,,,,
19-Sep-24,571.01,572.88,568.08,570.98,569.23,"75,315,500"
18-Sep-24,563.74,568.69,560.83,561.4,559.68,"59,044,900"
17-Sep-24,565.1,566.58,560.79,563.07,561.35,"49,321,000"
16-Sep-24,561.74,563.11,559.9,562.84,561.12,"36,656,100"
13-Sep-24,559.71,563.03,559.45,562.01,560.29,"39,310,500"
12-Sep-24,555.01,559.4,552.74,559.09,557.38,"51,892,700"
11-Sep-24,548.7,555.36,539.96,554.42,552.72,"75,248,600"
10-Sep-24,548.36,549.15,543.38,548.79,547.11,"36,394,600"
09-Sep-24,544.65,547.71,542.68,546.41,544.74,"40,445,800"
06-Sep-24,549.94,551.6,539.44,540.36,538.71,"68,493,800"
05-Sep-24,550.89,553.8,547.1,549.61,547.93,"44,264,300"
04-Sep-24,550.2,554.43,549.46,550.95,549.27,"47,224,900"
03-Sep-24,560.47,560.81,549.51,552.08,550.39,"60,600,100"
30-Aug-24,560.77,564.2,557.14,563.68,561.96,"62,700,100"
29-Aug-24,560.31,563.68,557.18,558.35,556.64,"38,715,200"
28-Aug-24,561.21,561.65,555.04,558.3,556.59,"41,066,000"
27-Aug-24,559.49,562.06,558.32,561.56,559.84,"32,693,900"
26-Aug-24,563.18,563.91,559.05,560.79,559.08,"35,788,600"
23-Aug-24,559.53,563.09,557.29,562.13,560.41,"50,639,400"
22-Aug-24,562.56,563.18,554.98,556.22,554.52,"56,121,500"
21-Aug-24,559.77,562.11,554.73,560.62,558.91,"41,514,600"
20-Aug-24,559.15,560.84,557.33,558.7,556.99,"33,732,300"
19-Aug-24,554.73,559.61,553.86,559.61,557.9,"39,121,800"
16-Aug-24,551.42,555.02,551.26,554.31,552.61,"44,430,700"
15-Aug-24,549.5,553.36,548.88,553.07,551.38,"60,846,800"
14-Aug-24,542.85,544.96,540.12,543.75,542.09,"42,446,900"
13-Aug-24,536.53,542.28,536.28,542.04,540.38,"52,333,100"
12-Aug-24,534.21,535.73,530.95,533.27,531.64,"42,542,100"
09-Aug-24,529.81,534.51,528.56,532.99,531.36,"45,619,600"
08-Aug-24,523.91,531.29,521.84,530.65,529.03,"63,276,600"
07-Aug-24,528.47,531.59,518.05,518.66,517.07,"70,698,300"
06-Aug-24,519.22,529.75,517.87,522.15,520.55,"84,826,300"
05-Aug-24,511.64,523.58,510.27,517.38,515.8,"146,267,400"
02-Aug-24,535.75,536.99,528.6,532.9,531.27,"82,789,100"
01-Aug-24,552.57,554.87,539.43,543.01,541.35,"76,428,700"
31-Jul-24,548.98,553.5,547.58,550.81,549.13,"65,663,400"
30-Jul-24,546.26,547.34,538.52,542,540.34,"46,853,600"
29-Jul-24,546.02,547.05,542.72,544.76,543.09,"39,515,800"
26-Jul-24,542.28,547.19,541.49,544.44,542.78,"53,763,800"
25-Jul-24,541.35,547.46,537.45,538.41,536.76,"61,158,300"
24-Jul-24,548.86,549.17,540.29,541.23,539.57,"74,515,300"
23-Jul-24,554.54,556.74,553.28,553.78,552.09,"34,439,600"
22-Jul-24,553,555.27,551.02,554.65,552.95,"43,346,700"
19-Jul-24,552.42,554.08,547.91,548.99,547.31,"65,509,100"
18-Jul-24,558.51,559.52,550.43,552.66,550.97,"56,270,400"
17-Jul-24,558.8,560.51,556.61,556.94,555.24,"57,119,000"
16-Jul-24,562.87,565.16,562.1,564.86,563.13,"36,475,300"
15-Jul-24,562.03,564.84,559.63,561.53,559.81,"40,584,300"
12-Jul-24,557.63,563.67,557.15,559.99,558.28,"53,084,400"
11-Jul-24,561.44,562.33,555.83,556.48,554.78,"53,054,200"
10-Jul-24,557.07,561.67,556.77,561.32,559.6,"38,701,200"
09-Jul-24,556.26,557.18,555.52,555.82,554.12,"27,289,700"
08-Jul-24,555.44,556.25,554.19,555.28,553.58,"36,110,500"
05-Jul-24,551.77,555.05,551.12,554.64,552.94,"41,488,400"
03-Jul-24,548.69,551.83,548.65,551.46,549.77,"32,789,900"
02-Jul-24,543.7,549.01,543.65,549.01,547.33,"40,434,800"
01-Jul-24,545.63,545.88,542.52,545.34,543.67,"40,297,800"
28-Jun-24,547.16,550.28,542.95,544.22,542.56,"76,144,500"
27-Jun-24,545.37,546.96,544.61,546.37,544.7,"35,041,500"
26-Jun-24,543.69,546.24,543.03,545.51,543.84,"38,550,600"
25-Jun-24,543.99,545.2,542.44,544.83,543.16,"38,273,300"
24-Jun-24,544.33,546.95,542.62,542.74,541.08,"45,528,700"
21-Jun-24,544.4,545.65,543.02,544.51,542.84,"64,513,900"
21-Jun-24,1.759 Dividend,,,,,
20-Jun-24,549.44,550.12,545.18,547,543.57,"70,328,200"
18-Jun-24,547.16,548.62,546.73,548.49,545.05,"41,376,400"
17-Jun-24,542.08,548.53,541.61,547.1,543.67,"55,839,500"
14-Jun-24,540.88,542.81,539.85,542.78,539.38,"40,089,900"
13-Jun-24,543.15,543.33,539.59,542.45,539.05,"44,760,900"
12-Jun-24,541.63,544.12,540.3,541.36,537.97,"63,251,300"
11-Jun-24,534.07,537.01,532.05,536.95,533.59,"36,383,400"
10-Jun-24,533.18,535.99,532.57,535.66,532.3,"35,729,300"
07-Jun-24,533.66,536.89,532.54,534.01,530.67,"43,224,500"
06-Jun-24,534.98,535.42,532.68,534.66,531.31,"30,808,500"
05-Jun-24,530.77,534.69,528.73,534.67,531.32,"47,610,400"
04-Jun-24,526.46,529.15,524.96,528.39,525.08,"34,632,700"
03-Jun-24,529.02,529.31,522.6,527.8,524.49,"46,835,700"
31-May-24,523.59,527.5,518.36,527.37,524.07,"90,785,800"
30-May-24,524.52,525.2,521.33,522.61,519.34,"46,468,500"
29-May-24,525.68,527.31,525.37,526.1,522.8,"45,190,300"
28-May-24,530.27,530.51,527.11,529.81,526.49,"36,269,600"
24-May-24,527.85,530.27,526.88,529.44,526.12,"41,258,400"
23-May-24,532.96,533.07,524.72,525.96,522.67,"57,211,200"
22-May-24,530.65,531.38,527.6,529.83,526.51,"48,390,000"
21-May-24,529.28,531.52,529.07,531.36,528.03,"33,437,000"
20-May-24,529.57,531.56,529.17,530.06,526.74,"37,764,200"
17-May-24,528.81,529.52,527.32,529.45,526.13,"59,187,600"
16-May-24,529.88,531.52,528.54,528.69,525.38,"50,244,800"
15-May-24,525.83,530.08,525.18,529.78,526.46,"59,504,900"
14-May-24,521.11,523.83,520.56,523.3,520.02,"57,535,900"
13-May-24,522.56,522.67,519.74,520.91,517.65,"36,716,400"
10-May-24,521.81,522.64,519.59,520.84,517.58,"52,233,200"
09-May-24,517.38,520.21,516.71,520.17,516.91,"43,643,700"
08-May-24,515.26,517.74,515.14,517.19,513.95,"42,047,200"
07-May-24,517.56,518.57,516.45,517.14,513.9,"52,561,300"
06-May-24,513.75,516.61,513.3,516.57,513.33,"47,264,700"
03-May-24,511.16,512.55,508.56,511.29,508.09,"72,756,700"
02-May-24,504.15,505.89,499.55,505.03,501.87,"62,550,200"
01-May-24,501.38,508.19,499.87,500.35,497.22,"80,242,800"
30-Apr-24,508.56,509.56,501.98,501.98,498.84,"77,483,600"
29-Apr-24,510.09,510.75,507.25,510.06,506.87,"46,415,400"
26-Apr-24,506.35,509.88,505.7,508.26,505.08,"64,306,100"
25-Apr-24,499.18,504.27,497.49,503.49,500.34,"69,122,400"
24-Apr-24,506.56,507.37,503.13,505.41,502.24,"55,928,100"
23-Apr-24,501.78,506.09,499.53,505.65,502.48,"64,633,600"
22-Apr-24,497.83,502.38,495.43,499.72,496.59,"67,961,000"
19-Apr-24,499.44,500.46,493.86,495.16,492.06,"102,129,100"
18-Apr-24,501.98,504.13,498.56,499.52,496.39,"74,548,100"
17-Apr-24,506.05,506.22,499.12,500.55,497.41,"75,910,300"
16-Apr-24,504.94,506.5,502.21,503.53,500.38,"73,484,000"
15-Apr-24,515.13,515.3,503.58,504.45,501.29,"92,101,400"
12-Apr-24,514.37,515.82,509.08,510.85,507.65,"92,469,100"
11-Apr-24,515.68,519.48,512.08,518,514.76,"70,099,000"
10-Apr-24,513.48,516.16,512.09,514.12,510.9,"82,652,800"
09-Apr-24,520.5,520.75,514.35,519.32,516.07,"68,124,400"
08-Apr-24,519.15,520.18,517.89,518.72,515.47,"48,401,800"
05-Apr-24,514.46,520.44,514.01,518.43,515.18,"74,482,100"
04-Apr-24,523.52,523.87,512.76,513.07,509.86,"96,858,100"
03-Apr-24,517.72,520.95,517.67,519.41,516.16,"59,155,800"
02-Apr-24,518.24,518.98,516.48,518.84,515.59,"74,230,300"
01-Apr-24,523.83,524.38,520.97,522.16,518.89,"62,477,500"
28-Mar-24,523.21,524.61,522.78,523.07,519.79,"96,294,900"
27-Mar-24,521.71,523.21,519.49,523.17,519.89,"82,999,800"
26-Mar-24,521.23,521.58,518.4,518.81,515.56,"65,463,700"
25-Mar-24,519.8,520.95,519.61,519.77,516.51,"48,512,100"
22-Mar-24,522.11,522.61,520.97,521.21,517.95,"79,023,000"
21-Mar-24,523.39,524.11,521.91,522.2,518.93,"60,256,100"
20-Mar-24,515.77,520.62,515.08,520.48,517.22,"69,594,600"
19-Mar-24,512.15,516,511.12,515.71,512.48,"60,755,300"
18-Mar-24,514,515.48,512.44,512.86,509.65,"88,893,300"
15-Mar-24,510.21,511.7,508.12,509.83,506.64,"107,585,800"
15-Mar-24,1.595 Dividend,,,,,
14-Mar-24,516.97,517.13,511.82,514.95,510.14,"110,171,800"
13-Mar-24,517.11,517.29,514.49,515.97,511.15,"55,104,100"
12-Mar-24,513.45,517.38,510.86,516.78,511.95,"73,114,400"
11-Mar-24,510.48,511.88,508.5,511.28,506.5,"62,557,200"
08-Mar-24,515.46,518.22,511.13,511.72,506.94,"86,425,500"
07-Mar-24,513.14,515.89,509.81,514.81,510,"58,652,100"
06-Mar-24,510.55,512.07,508.42,509.75,504.99,"68,382,400"
05-Mar-24,510.24,510.7,504.91,507.18,502.44,"72,855,600"
04-Mar-24,512.03,514.2,512,512.3,507.51,"49,799,300"
01-Mar-24,508.98,513.29,508.56,512.85,508.06,"76,805,900"
29-Feb-24,508.07,509.74,505.35,508.08,503.33,"83,924,800"
28-Feb-24,505.33,506.86,504.96,506.26,501.53,"56,506,600"
27-Feb-24,506.7,507.16,504.75,506.93,502.19,"48,854,500"
26-Feb-24,508.3,508.75,505.86,505.99,501.26,"50,386,700"
23-Feb-24,509.27,510.13,507.1,507.85,503.11,"61,321,800"
22-Feb-24,504.01,508.49,503.02,507.5,502.76,"76,402,500"
21-Feb-24,495.42,497.37,493.56,497.21,492.57,"59,603,800"
20-Feb-24,497.72,498.41,494.45,496.76,492.12,"71,736,700"
16-Feb-24,501.7,502.87,498.75,499.51,494.84,"75,461,200"
15-Feb-24,499.29,502.2,498.8,502.01,497.32,"61,683,000"
14-Feb-24,496.79,499.07,494.4,498.57,493.91,"68,387,800"
13-Feb-24,494.53,497.09,490.72,494.08,489.46,"113,099,200"
12-Feb-24,501.17,503.5,500.24,500.98,496.3,"56,502,300"
09-Feb-24,498.84,501.65,498.49,501.2,496.52,"63,979,400"
08-Feb-24,498.1,498.71,497.26,498.32,493.66,"52,343,600"
07-Feb-24,496.29,498.53,495.36,498.1,493.45,"70,556,500"
06-Feb-24,493.52,494.32,492.05,493.98,489.37,"55,918,600"
05-Feb-24,493.7,494.38,490.23,492.55,487.95,"75,757,100"
02-Feb-24,489.65,496.05,489.3,494.35,489.73,"99,147,700"
01-Feb-24,484.63,489.23,483.8,489.2,484.63,"91,891,600"
31-Jan-24,488.62,489.08,482.86,482.88,478.37,"126,011,100"
30-Jan-24,490.56,491.62,490.11,490.89,486.3,"58,618,400"
29-Jan-24,487.73,491.42,487.17,491.27,486.68,"61,322,800"
26-Jan-24,487.59,489.12,486.54,487.41,482.86,"76,641,600"
25-Jan-24,487.58,488.31,485.39,488.03,483.47,"72,525,000"
24-Jan-24,487.81,488.77,484.88,485.39,480.86,"81,765,000"
23-Jan-24,484.01,485.11,482.89,484.86,480.33,"49,945,300"
22-Jan-24,484.01,485.22,482.78,483.45,478.93,"75,844,900"
19-Jan-24,477.65,482.72,476.54,482.43,477.92,"110,733,300"
18-Jan-24,474.01,477.06,472.42,476.49,472.04,"91,856,200"
17-Jan-24,471.82,472.79,469.87,472.29,467.88,"68,843,900"
16-Jan-24,475.26,476.61,473.06,474.93,470.49,"85,014,900"
12-Jan-24,477.84,478.6,475.23,476.68,472.23,"57,944,000"
11-Jan-24,477.59,478.12,472.26,476.35,471.9,"77,940,700"
10-Jan-24,474.16,477.45,473.87,476.56,472.11,"67,310,600"
09-Jan-24,471.87,474.93,471.35,473.88,469.45,"65,931,400"
08-Jan-24,468.43,474.75,468.3,474.6,470.17,"74,879,100"
05-Jan-24,467.49,470.44,466.43,467.92,463.55,"86,060,800"
04-Jan-24,468.3,470.96,467.05,467.28,462.91,"84,232,200"
03-Jan-24,470.43,471.19,468.17,468.79,464.41,"103,585,900"
02-Jan-24,472.16,473.67,470.49,472.65,468.23,"123,623,700"
29-Dec-23,476.49,477.03,473.3,475.31,470.87,"122,234,100"
28-Dec-23,476.88,477.55,476.26,476.69,472.24,"77,158,100"
27-Dec-23,475.44,476.66,474.89,476.51,472.06,"68,000,300"
26-Dec-23,474.07,476.58,473.99,475.65,471.21,"55,387,000"
22-Dec-23,473.86,475.38,471.7,473.65,469.23,"67,126,600"
21-Dec-23,471.33,472.98,468.84,472.7,468.28,"86,667,500"
20-Dec-23,473.96,475.9,467.82,468.26,463.89,"102,921,000"
19-Dec-23,472.53,474.92,472.45,474.84,470.4,"55,761,800"
18-Dec-23,470.98,472.98,469.89,471.97,467.56,"70,375,300"
15-Dec-23,469.49,470.7,467.43,469.33,464.95,"141,319,300"
15-Dec-23,1.906 Dividend,,,,,
14-Dec-23,472.5,473.73,469.25,472.01,465.71,"119,026,000"
13-Dec-23,464.49,470.76,464.12,470.5,464.22,"93,278,000"
12-Dec-23,461.63,464.2,460.6,464.1,457.91,"68,327,600"
11-Dec-23,459.69,462.17,459.47,461.99,455.83,"65,002,200"
08-Dec-23,457.46,460.75,457.21,460.2,454.06,"83,080,900"
07-Dec-23,456.91,458.9,456.29,458.23,452.12,"66,995,400"
06-Dec-23,458.81,458.84,454.31,454.76,448.69,"69,124,700"
05-Dec-23,455.26,457.59,454.87,456.6,450.51,"69,793,500"
04-Dec-23,455.6,459.12,454.34,456.69,450.6,"72,430,900"
01-Dec-23,455.77,459.65,455.16,459.1,452.97,"89,097,900"
30-Nov-23,455.48,456.76,453.34,456.4,450.31,"79,752,700"
29-Nov-23,457.15,458.32,454.2,454.61,448.54,"63,146,000"
28-Nov-23,454.08,456.27,453.5,454.93,448.86,"62,115,000"
27-Nov-23,454.65,455.49,454.08,454.48,448.42,"50,506,000"
24-Nov-23,455.07,455.5,454.73,455.3,449.23,"29,737,400"
22-Nov-23,454.98,456.38,453.89,455.02,448.95,"59,394,900"
21-Nov-23,453.18,454.13,451.96,453.27,447.22,"49,244,600"
20-Nov-23,450.53,455.13,450.52,454.26,448.2,"69,936,200"
17-Nov-23,450.24,451.42,449.29,450.79,444.78,"83,133,200"
16-Nov-23,449.22,450.56,448.12,450.23,444.22,"66,665,800"
15-Nov-23,450.11,451.38,448.8,449.68,443.68,"77,327,600"
14-Nov-23,446.32,450.06,446.09,448.73,442.74,"97,176,900"
13-Nov-23,439.23,441.33,438.42,440.19,434.32,"52,236,100"
10-Nov-23,435.98,440.93,433.83,440.61,434.73,"89,462,200"
09-Nov-23,438.43,438.47,433.4,433.84,428.05,"83,174,400"
08-Nov-23,437.55,438.09,434.87,437.25,431.42,"61,746,000"
07-Nov-23,435.69,437.59,434.51,436.93,431.1,"64,256,100"
06-Nov-23,435.47,436.15,433.68,435.69,429.88,"67,831,700"
03-Nov-23,433.14,436.29,433.01,434.69,428.89,"100,110,800"
02-Nov-23,426.58,430.92,426.56,430.76,425.01,"94,938,900"
01-Nov-23,419.2,423.5,418.65,422.66,417.02,"98,068,100"
31-Oct-23,416.18,418.53,414.21,418.2,412.62,"79,665,200"
30-Oct-23,413.56,416.68,412.22,415.59,410.05,"86,562,700"
27-Oct-23,414.19,414.6,409.21,410.68,405.2,"107,367,700"
26-Oct-23,416.45,417.33,411.6,412.55,407.05,"115,156,800"
25-Oct-23,421.89,421.92,417.02,417.55,411.98,"94,223,200"
24-Oct-23,422.65,424.82,420.74,423.63,417.98,"78,564,200"
23-Oct-23,419.61,424.45,417.8,420.46,414.85,"92,035,100"
20-Oct-23,425.98,426.54,421.08,421.19,415.57,"123,845,800"
19-Oct-23,430.95,432.82,425.73,426.43,420.74,"121,323,000"
18-Oct-23,434.19,435.18,429.09,430.21,424.47,"93,559,800"
17-Oct-23,432.81,438.14,432.45,436.02,430.2,"75,324,700"
16-Oct-23,433.82,437.14,433.57,436.04,430.22,"75,433,200"
13-Oct-23,435.21,436.45,429.88,431.5,425.74,"95,143,100"
12-Oct-23,436.95,437.34,431.23,433.66,427.87,"81,154,200"
11-Oct-23,435.64,436.58,433.18,436.32,430.5,"62,451,700"
10-Oct-23,432.94,437.22,432.53,434.54,428.74,"78,607,300"
09-Oct-23,427.58,432.88,427.01,432.29,426.52,"80,374,400"