time,open,high,low,close,Volume
1982-10-04,7.96,8.98,7.96,8.98,0
1982-10-11,9,10.09,9,9.740001,0
1982-10-18,9.79,10.34,9.780001,10.34,0
1982-10-25,10.11,10.11,9.77,10.01,0
1982-11-01,10.27,10.83,10.27,10.57,0
1982-11-08,10.13,10.19,9.37,9.37,0
1982-11-15,9.35,9.88,9.35,9.88,0
1982-11-22,9.57,9.57,9.18,9.18,0
1982-11-29,9.64,10.39,9.64,10.26,0
1982-12-06,10.53,10.98,10.35,10.41,0
1982-12-13,10.38,10.83,10.13,10.29,0
1982-12-20,10.54,10.75,10.54,10.75,0
1982-12-27,10.98,11.21,10.9,10.9,0
1983-01-03,10.95,11.56,10.86,11.56,0
1983-01-10,12.05,12.46,12.05,12.44,0
1983-01-17,13.1,13.1,12.69,12.7,0
1983-01-24,12.3,13.57,12.3,13.57,0
1983-01-31,13.86,14.31,13.85,14.13,0
1983-02-07,14.02,14.3,13.9,14.3,0
1983-02-14,14.5,14.75,14.49,14.49,0
1983-02-21,14.12,14.12,13.3,13.3,0
1983-02-28,11.95,11.95,10.26,10.26,0
1983-03-07,10.22,11.17,10.22,10.73,0
1983-03-14,10.94,11.28,10.55,10.61,0
1983-03-21,10.31,10.57,10.13,10.4,0
1983-03-28,10.34,10.65,10.34,10.63,0
1983-04-04,10.8,11.23,10.8,11.05,0
1983-04-11,11.23,11.82,11.23,11.82,0
1983-04-18,12.37,12.37,11.81,12.11,0
1983-04-25,12.3,12.3,11.85,11.85,0
1983-05-02,12.06,12.53,12.06,12.4,0
1983-05-09,12.59,13.15,12.59,13.07,0
1983-05-16,12.91,13.57,12.91,13.2,0
1983-05-23,12.77,13.43,12.77,13.32,0
1983-05-30,13.6,13.6,12.04,12.04,0
1983-06-06,11.62,11.63,11.09,11.63,0
1983-06-13,11.54,11.77,11.47,11.57,0
1983-06-20,11.9,12.24,11.74,12.24,0
1983-06-27,11.84,11.84,11.43,11.62,0
1983-07-04,11.3,11.99,11.3,11.99,0
1983-07-11,12.19,12.38,12.06,12.06,0
1983-07-18,11.95,12.42,11.95,12.28,0
1983-07-25,12.39,12.5,12.16,12.16,0
1983-08-01,11.54,11.87,11.54,11.71,0
1983-08-08,11.52,11.85,11.52,11.85,0
1983-08-15,12.2,12.51,12.2,12.2,0
1983-08-22,12.6,12.71,12.19,12.19,0
1983-08-29,12.23,12.23,12.04,12.17,0
1983-09-05,12.32,12.32,12.1,12.23,0
1983-09-12,12.19,12.19,11.62,11.8,0
1983-09-19,12.02,12.06,11.68,12.06,0
1983-09-26,11.98,11.98,11.23,11.23,0
1983-10-03,10.33,10.43,10.03,10.43,0
1983-10-10,10.43,10.43,10.25,10.34,0
1983-10-17,10.09,10.17,9.39,9.56,0
1983-10-24,9.54,9.7,8.71,8.97,0
1983-10-31,8.75,9.01,8.38,9.01,0
1983-11-07,8.81,9.07,8.81,8.89,0
1983-11-14,8.91,9.05,8.34,8.52,0
1983-11-21,8.47,8.68,8.47,8.59,0
1983-11-28,9.02,9.7,9.02,9.59,0
1983-12-05,9.440001,9.97,9.31,9.31,0
1983-12-12,9.43,9.43,8.54,8.54,0
1983-12-19,8.62,8.82,8.62,8.82,0
1983-12-26,8.81,8.95,8.79,8.95,0
1984-01-02,8.580001,8.580001,8.240001,8.240001,0
1984-01-09,7.92,8.2,7.9,8.2,0
1984-01-16,8,8.3,7.97,8.17,0
1984-01-23,8.26,8.26,8.030001,8.25,0
1984-01-30,8.27,8.88,8.27,8.88,0
1984-02-06,8.77,9.080001,8.73,8.73,0
1984-02-13,8.7,9.190001,8.7,9.13,0
1984-02-20,9.13,9.67,9.13,9.67,0
1984-02-27,9.56,9.81,9.530001,9.530001,0
1984-03-05,9.84,10.04,9.67,9.95,0
1984-03-12,9.68,9.8,9.48,9.48,0
1984-03-19,9.57,9.57,9.46,9.46,0
1984-03-26,9.39,9.780001,9.39,9.73,0
1984-04-02,9.62,9.62,9.06,9.13,0
1984-04-09,9.21,9.34,9.1,9.2,0
1984-04-16,9.1,9.31,9.1,9.31,0
1984-04-23,9.43,9.43,9.080001,9.080001,0
1984-04-30,8.900001,9.13,8.900001,8.990001,0
1984-05-07,8.67,8.73,8.63,8.73,0
1984-05-14,8.780001,9.080001,8.780001,8.990001,0
1984-05-21,9.2,9.240001,9,9.240001,0
1984-05-28,9.26,9.45,9.16,9.45,0
1984-06-04,9.3,9.36,9.1,9.1,0
1984-06-11,8.8,8.8,8.48,8.48,0
1984-06-18,8.51,8.62,8.48,8.62,0
1984-06-25,8.32,8.39,8.32,8.38,0
1984-07-02,8.3,8.3,7.48,7.48,0
1984-07-09,7.28,7.5,7.28,7.48,0
1984-07-16,7.54,7.630001,7.28,7.28,0
1984-07-23,7.15,7.25,6.9,6.9,0
1984-07-30,7.02,7.61,7.02,7.61,0
1984-08-06,7.59,7.79,7.46,7.79,0
1984-08-13,7.62,7.92,7.62,7.880001,0
1984-08-20,7.76,7.76,7.5,7.630001,0
1984-08-27,7.57,7.67,7.45,7.45,0
1984-09-03,7.15,7.22,7.07,7.07,0
1984-09-10,7.15,7.25,7.05,7.25,0
1984-09-17,7.02,7.47,7.02,7.47,0
1984-09-24,7.630001,7.64,7.45,7.45,0
1984-10-01,7.5,7.66,7.36,7.36,0
1984-10-08,7.36,7.36,7.14,7.28,0
1984-10-15,7.23,7.3,7.22,7.26,0
1984-10-22,7.26,7.380001,7.26,7.31,0
1984-10-29,7.21,7.48,7.2,7.48,0
1984-11-05,7.59,7.7,7.59,7.68,0
1984-11-12,7.68,7.8,7.6,7.6,0
1984-11-19,7.52,7.52,7.47,7.47,0
1984-11-26,7.48,7.48,7.03,7.03,0
1984-12-03,7.04,7.14,6.95,6.95,0
1984-12-10,6.87,6.87,6.74,6.74,0
1984-12-17,6.54,6.54,6.26,6.42,0
1984-12-24,6.42,6.55,6.34,6.36,0
1984-12-31,6.36,6.36,6.03,6.03,0
1985-01-07,5.8,6.14,5.8,6.11,0
1985-01-14,5.94,6.26,5.94,6.26,0
1985-01-21,6.28,6.28,5.97,5.97,0
1985-01-28,6.08,6.37,6.08,6.23,0
1985-02-04,6.16,6.21,6.08,6.08,0
1985-02-11,6.09,6.33,6.09,6.27,0
1985-02-18,6.19,6.21,6.04,6.04,0
1985-02-25,5.61,5.75,5.61,5.69,0
1985-03-04,5.65,5.72,5.65,5.71,0
1985-03-11,5.66,5.71,5.57,5.68,0
1985-03-18,5.87,6.36,5.87,6.32,0
1985-03-25,6.3,6.74,6.3,6.67,0
1985-04-01,6.52,6.52,6.42,6.43,0
1985-04-08,6.57,6.72,6.57,6.68,0
1985-04-15,6.65,6.65,6.44,6.44,0
1985-04-22,6.42,6.42,6.16,6.23,0
1985-04-29,6.29,6.29,6.16,6.21,0
1985-05-06,6.14,6.36,6.14,6.32,0
1985-05-13,6.52,6.65,6.51,6.51,0
1985-05-20,6.39,6.39,6.11,6.11,0
1985-05-27,6.02,6.21,6.02,6.21,0
1985-06-03,6.07,6.14,6.07,6.14,0
1985-06-10,6.09,6.23,6.09,6.23,0
1985-06-17,6.28,6.39,6.15,6.15,0
1985-06-24,6.15,6.17,6.14,6.14,0
1985-07-01,6.04,6.04,5.905,5.905,0
1985-07-08,6.01,6.06,6.01,6.06,0
1985-07-15,6.07,6.26,6.07,6.13,0
1985-07-22,6.08,6.13,6.06,6.12,0
1985-07-29,6.36,6.36,6.18,6.18,0
1985-08-05,6.17,6.17,6.11,6.12,0
1985-08-12,6.28,6.39,6.26,6.39,0
1985-08-19,6.34,6.34,6.2,6.2,0
1985-08-26,6.3,6.35,6.26,6.26,0
1985-09-02,6.15,6.15,6.04,6.09,0
1985-09-09,6.1,6.1,6.03,6.05,0
1985-09-16,6.05,6.05,5.88,6,0
1985-09-23,6.13,6.17,6.1,6.1,0
1985-09-30,6.04,6.33,6.03,6.32,0
1985-10-07,6.29,6.3,6.22,6.22,0
1985-10-14,6.22,6.25,6.14,6.14,0
1985-10-21,6.13,6.2,6.13,6.16,0
1985-10-28,6.19,6.19,6.09,6.15,0
1985-11-04,6.09,6.09,6,6,0
1985-11-11,6.08,6.2,6.08,6.13,0
1985-11-18,6.09,6.23,6.09,6.23,0
1985-11-25,6.28,6.28,6.17,6.17,0
1985-12-02,6.04,6.08,6.03,6.03,0
1985-12-09,5.89,5.89,5.71,5.87,0
1985-12-16,5.85,5.89,5.72,5.89,0
1985-12-23,5.88,5.88,5.79,5.88,0
1985-12-30,5.86,5.86,5.73,5.81,0
1986-01-06,5.82,6.12,5.82,6.12,0
1986-01-13,6.03,6.16,6.02,6.12,0
1986-01-20,6.14,6.19,6.12,6.19,0
1986-01-27,6.2,6.2,6.08,6.08,0
1986-02-03,6.03,6.03,5.83,5.88,0
1986-02-10,5.91,5.91,5.89,5.89,0
1986-02-17,5.91,5.95,5.88,5.88,0
1986-02-24,5.88,5.98,5.61,5.61,0
1986-03-03,5.51,5.6,5.51,5.6,0
1986-03-10,5.59,5.75,5.59,5.68,0
1986-03-17,5.77,5.77,5.72,5.76,0
1986-03-24,5.71,5.71,5.6,5.6,0
1986-03-31,5.33,5.33,5.11,5.14,0
1986-04-07,5.31,5.47,5.23,5.47,0
1986-04-14,5.39,5.42,5.24,5.24,0
1986-04-21,5.13,5.16,5.13,5.13,0
1986-04-28,5.05,5.15,5.05,5.13,0
1986-05-05,5.19,5.23,5.16,5.23,0
1986-05-12,5.24,5.24,5.04,5.06,0
1986-05-19,4.99,5.16,4.87,5.16,0
1986-05-26,5.11,5.25,5.11,5.25,0
1986-06-02,5.16,5.17,5.13,5.17,0
1986-06-09,5.25,5.38,5.25,5.28,0
1986-06-16,5.11,5.11,5.07,5.11,0
1986-06-23,5.06,5.09,5.01,5.01,0
1986-06-30,5.13,5.13,5.06,5.06,0
1986-07-07,5.08,5.11,5.06,5.06,0
1986-07-14,5.02,5.09,5.02,5.08,0
1986-07-21,4.99,5.04,4.99,5.02,0
1986-07-28,5.03,5.22,5.02,5.22,0
1986-08-04,5.17,5.27,5.17,5.27,0
1986-08-11,5.51,5.51,5.3,5.3,0
1986-08-18,5.15,5.21,5.13,5.18,0
1986-08-25,5.12,5.19,5.11,5.16,0
1986-09-01,5.19,5.47,5.19,5.47,0
1986-09-08,5.62,5.81,5.52,5.76,0
1986-09-15,5.78,5.94,5.72,5.94,0
1986-09-22,6,6,5.67,5.67,0
1986-09-29,5.6,5.72,5.57,5.72,0
1986-10-06,5.76,5.76,5.64,5.67,0
1986-10-13,5.67,5.67,5.55,5.55,0
1986-10-20,5.72,5.81,5.68,5.68,0
1986-10-27,5.66,5.67,5.58,5.65,0
1986-11-03,5.73,5.76,5.69,5.76,0
1986-11-10,5.81,5.81,5.71,5.8,0
1986-11-17,5.62,5.62,5.35,5.35,0
1986-11-24,5.29,5.29,5.24,5.24,0
1986-12-01,5.44,5.44,5.33,5.39,0
1986-12-08,5.33,5.39,5.33,5.39,0
1986-12-15,5.47,5.47,5.36,5.36,0
1986-12-22,5.36,5.36,5.28,5.28,0
1986-12-29,5.31,5.44,5.27,5.44,0
1987-01-05,5.38,5.45,5.36,5.45,0
1987-01-12,5.6,5.61,5.56,5.57,0
1987-01-19,5.65,5.65,5.51,5.51,0
1987-01-26,5.65,5.68,5.52,5.52,0
1987-02-02,5.57,5.57,5.48,5.54,0
1987-02-09,5.57,5.57,5.44,5.44,0
1987-02-16,5.435,5.45,5.39,5.44,0
1987-02-23,5.52,5.52,5.46,5.47,0
1987-03-02,5.45,5.6,5.45,5.59,0
1987-03-09,5.5,5.59,5.5,5.55,0
1987-03-16,5.58,5.58,5.51,5.51,0
1987-03-23,5.645,6.145,5.645,6.145,0
1987-03-30,6.3,6.45,6.28,6.33,0
1987-04-06,6.61,6.880001,6.61,6.880001,0
1987-04-13,6.83,7.21,6.83,7.18,0
1987-04-20,7.6,9.41,7.6,9.41,0
1987-04-27,10.2,10.2,7.83,8.080001,0
1987-05-04,8.650001,8.650001,8.35,8.36,0
1987-05-11,8.43,9.09,8.43,9.09,0
1987-05-18,9.37,9.37,8.29,8.29,0
1987-05-25,7.41,7.62,7.41,7.61,0
1987-06-01,7.34,7.84,7.34,7.84,0
1987-06-08,7.67,7.86,7.67,7.7,0
1987-06-15,7.54,7.61,7.3,7.3,0
1987-06-22,6.85,6.91,6.84,6.89,0
1987-06-29,7.07,7.380001,7.07,7.380001,0
1987-07-06,7.33,7.68,7.33,7.64,0
1987-07-13,7.69,7.79,7.54,7.54,0
1987-07-20,7.56,7.78,7.56,7.68,0
1987-07-27,7.67,8.26,7.67,8.26,0
1987-08-03,8.64,8.8,8.030001,8.030001,0
1987-08-10,7.73,7.82,7.51,7.51,0
1987-08-17,7.55,7.78,7.55,7.55,0
1987-08-24,7.79,7.79,7.39,7.39,0
1987-08-31,7.45,7.72,7.28,7.72,0
1987-09-07,7.49,7.68,7.49,7.68,0
1987-09-14,7.69,7.69,7.52,7.52,0
1987-09-21,7.49,7.71,7.49,7.62,0
1987-09-28,7.65,7.65,7.5,7.5,0
1987-10-05,7.61,7.79,7.61,7.79,0
1987-10-12,7.81,7.86,7.7,7.84,0
1987-10-19,8.2,8.2,7.39,7.5,0
1987-10-26,7.43,7.43,6.91,6.95,0
1987-11-02,6.98,6.98,6.37,6.42,0
1987-11-09,6.56,6.68,6.36,6.68,0
1987-11-16,6.66,6.68,6.51,6.51,0
1987-11-23,6.75,6.96,6.75,6.96,0
1987-11-30,7.07,7.07,6.6,6.6,0
1987-12-07,6.68,6.86,6.68,6.86,0
1987-12-14,7,7,6.74,6.84,0
1987-12-21,6.74,6.8,6.74,6.74,0
1987-12-28,6.83,6.83,6.66,6.7,0
1988-01-04,6.52,7,6.52,6.93,0
1988-01-11,6.91,6.91,6.79,6.79,0
1988-01-18,6.7,6.71,6.64,6.71,0
1988-01-25,6.65,6.65,6.5,6.5,0
1988-02-01,6.56,6.58,6.29,6.29,0
1988-02-08,6.33,6.34,6.23,6.34,0
1988-02-15,6.38,6.4,6.34,6.34,0
1988-02-22,6.39,6.39,6.15,6.19,0
1988-02-29,6.12,6.43,6.12,6.43,0
1988-03-07,6.4,6.4,6.18,6.18,0
1988-03-14,6.25,6.33,6.25,6.32,0
1988-03-21,6.44,6.64,6.42,6.64,0
1988-03-28,6.64,6.73,6.64,6.71,0
1988-04-04,6.83,6.83,6.4,6.44,0
1988-04-11,6.41,6.48,6.41,6.48,0
1988-04-18,6.51,6.51,6.42,6.42,0
1988-04-25,6.42,6.5,6.37,6.45,0
1988-05-02,6.43,6.43,6.34,6.35,0
1988-05-09,6.43,6.58,6.43,6.54,0
1988-05-16,6.68,6.68,6.56,6.64,0
1988-05-23,6.76,6.76,6.58,6.58,0
1988-05-30,6.630001,7.33,6.630001,7.33,0
1988-06-06,7.34,7.37,7.08,7.08,0
1988-06-13,7.02,7.19,6.9,7.12,0
1988-06-20,7.28,7.28,6.81,6.81,0
1988-06-27,6.86,6.94,6.630001,6.76,0
1988-07-04,6.77,7,6.76,6.99,0
1988-07-11,6.94,7.32,6.94,7.32,0
1988-07-18,7.16,7.82,7.16,7.61,0
1988-07-25,7.04,7.04,6.71,6.82,0
1988-08-01,6.880001,6.880001,6.8,6.85,0
1988-08-08,6.69,6.72,6.6,6.72,0
1988-08-15,6.77,6.77,6.62,6.66,0
1988-08-22,6.73,6.78,6.66,6.66,0
1988-08-29,6.53,6.58,6.5,6.53,0
1988-09-05,6.52,6.630001,6.45,6.45,0
1988-09-12,6.45,6.5,6.42,6.42,0
1988-09-19,6.38,6.38,6.18,6.18,0
1988-09-26,6.12,6.19,6.12,6.15,0
1988-10-03,6.26,6.33,6.26,6.33,0
1988-10-10,6.35,6.38,6.21,6.38,0
1988-10-17,6.42,6.42,6.26,6.26,0
1988-10-24,6.21,6.3,6.21,6.3,0
1988-10-31,6.31,6.44,6.27,6.37,0
1988-11-07,6.44,6.47,6.36,6.36,0
1988-11-14,6.39,6.4,6.05,6.05,0
1988-11-21,6.01,6.1,6.01,6.08,0
1988-11-28,6.14,6.14,6.06,6.13,0
1988-12-05,6.15,6.21,6.09,6.13,0
1988-12-12,6.14,6.15,6.07,6.07,0
1988-12-19,6.1,6.14,6.1,6.14,0
1988-12-26,6.14,6.14,6.01,6.02,0
1989-01-02,6.07,6.07,5.94,5.94,0
1989-01-09,5.93,5.93,5.92,5.93,0
1989-01-16,5.88,6.07,5.88,6.07,0
1989-01-23,6.17,6.17,6.01,6.01,0
1989-01-30,5.86,5.89,5.82,5.84,0
1989-02-06,5.82,5.92,5.82,5.88,0
1989-02-13,5.8,5.96,5.8,5.96,0
1989-02-20,5.99,5.99,5.93,5.93,0
1989-02-27,5.92,5.92,5.78,5.78,0
1989-03-06,5.81,5.97,5.81,5.97,0
1989-03-13,6.04,6.14,6.03,6.12,0
1989-03-20,6.14,6.14,6,6,0
1989-03-27,5.97,5.97,5.76,5.79,0
1989-04-03,5.8,5.83,5.78,5.78,0
1989-04-10,5.83,5.87,5.82,5.82,0
1989-04-17,5.82,5.82,5.77,5.78,0
1989-04-24,5.84,5.84,5.62,5.62,0
1989-05-01,5.66,5.66,5.61,5.61,0
1989-05-08,5.6,5.67,5.54,5.54,0
1989-05-15,5.51,5.51,5.24,5.24,0
1989-05-22,5.12,5.28,5.12,5.27,0
1989-05-29,5.26,5.31,5.17,5.31,0
1989-06-05,5.28,5.47,5.17,5.17,0
1989-06-12,5.21,5.32,5.21,5.3,0
1989-06-19,5.32,5.4,5.24,5.34,0
1989-06-26,5.31,5.32,5.14,5.16,0
1989-07-03,5.25,5.41,5.22,5.22,0
1989-07-10,5.25,5.27,5.2,5.23,0
1989-07-17,5.28,5.28,5.16,5.21,0
1989-07-24,5.22,5.23,5.16,5.16,0
1989-07-31,5.28,5.32,5.18,5.18,0
1989-08-07,5.14,5.21,5.14,5.21,0
1989-08-14,5.21,5.26,5.2,5.25,0
1989-08-21,5.23,5.23,5.13,5.13,0
1989-08-28,5.09,5.11,5.05,5.05,0
1989-09-04,5.06,5.12,5.06,5.12,0
1989-09-11,5.07,5.08,5.02,5.02,0
1989-09-18,5.08,5.25,5.07,5.25,0
1989-09-25,5.29,5.29,5.22,5.22,0
1989-10-02,5.23,5.25,5.22,5.25,0
1989-10-09,5.08,5.11,5.05,5.11,0
1989-10-16,5.11,5.11,5.08,5.08,0
1989-10-23,5.07,5.2,5.07,5.2,0
1989-10-30,5.24,5.24,5.17,5.19,0
1989-11-06,5.23,5.31,5.23,5.27,0
1989-11-13,5.31,5.64,5.31,5.64,0
1989-11-20,5.72,5.84,5.72,5.84,0
1989-11-27,5.74,5.74,5.65,5.69,0
1989-12-04,5.53,5.68,5.53,5.68,0
1989-12-11,5.74,5.74,5.54,5.59,0
1989-12-18,5.54,5.58,5.54,5.56,0
1989-12-25,5.56,5.56,5.14,5.18,0
1990-01-01,5.21,5.26,5.19,5.26,0
1990-01-08,5.31,5.34,5.24,5.34,0
1990-01-15,5.24,5.25,5.21,5.21,0
1990-01-22,5.2,5.3,5.2,5.23,0
1990-01-29,5.23,5.29,5.2,5.29,0
1990-02-05,5.37,5.39,5.26,5.26,0
1990-02-12,5.29,5.33,5.29,5.33,0
1990-02-19,5.31,5.31,5.27,5.27,0
1990-02-26,5.18,5.18,5.1,5.12,0
1990-03-05,5.12,5.14,5.09,5.09,0
1990-03-12,5.05,5.12,5.04,5.12,0
1990-03-19,5.12,5.12,5.04,5.04,0
1990-03-26,4.94,4.96,4.91,4.96,0
1990-04-02,4.94,5.17,4.94,5.12,0
1990-04-09,5.14,5.14,5.1,5.1,0
1990-04-16,5.05,5.1,5.05,5.05,0
1990-04-23,5.09,5.11,4.92,4.95,0
1990-04-30,4.96,5.02,4.92,5.02,0
1990-05-07,5.04,5.1,5.01,5.06,0
1990-05-14,5.08,5.14,5.03,5.14,0
1990-05-21,5.15,5.3,5.15,5.22,0
1990-05-28,5.15,5.15,5.05,5.05,0
1990-06-04,5.05,5.07,5.01,5.01,0
1990-06-11,5.01,5.03,4.78,4.84,0
1990-06-18,4.84,4.84,4.82,4.82,0
1990-06-25,4.84,4.9,4.81,4.9,0
1990-07-02,4.92,5.01,4.81,4.88,0
1990-07-09,4.87,4.97,4.8,4.92,0
1990-07-16,4.93,4.94,4.83,4.86,0
1990-07-23,4.86,4.92,4.81,4.84,0
1990-07-30,4.84,4.94,4.8,4.86,0
1990-08-06,4.85,5,4.85,4.98,0
1990-08-13,4.98,5.33,4.98,5.196,0
1990-08-20,5.24,5.27,5.08,5.2,0
1990-08-27,5.18,5.209,4.47,4.78,0
1990-09-03,4.83,4.85,4.72,4.82,0
1990-09-10,4.83,4.92,4.75,4.77,0
1990-09-17,4.77,4.84,4.75,4.81,0
1990-09-24,4.81,4.94,4.76,4.77,0
1990-10-01,4.77,4.86,4.63,4.69,0
1990-10-08,4.68,4.71,4.19,4.32,0
1990-10-15,4.33,4.33,4.13,4.28,0
1990-10-22,4.22,4.31,4.06,4.06,0
1990-10-29,4.07,4.32,4.06,4.18,0
1990-11-05,4.18,4.4,4.17,4.23,0
1990-11-12,4.23,4.29,4.08,4.15,0
1990-11-19,4.14,4.22,4.1,4.13,0
1990-11-26,4.16,4.22,4.1,4.14,0
1990-12-03,4.15,4.2,4.06,4.07,0
1990-12-10,4.07,4.1,3.96,3.96,0
1990-12-17,3.96,4.34,3.95,4.03,0
1990-12-24,4.08,4.2,4.04,4.2,0
1990-12-31,4.2,4.43,4.09,4.17,0
1991-01-07,4.17,4.31,4.06,4.14,0
1991-01-14,4.14,4.5,3.99,3.99,0
1991-01-21,4,4.03,3.75,3.81,0
1991-01-28,3.81,3.89,3.81,3.86,0
1991-02-04,3.84,3.98,3.46,3.84,0
1991-02-11,3.84,3.94,3.66,3.79,0
1991-02-18,3.8,3.81,3.52,3.52,0
1991-02-25,3.53,3.8,3.53,3.79,0
1991-03-04,3.79,4.21,3.76,4.18,0
1991-03-11,4.18,4.2,3.99,4.115,0
1991-03-18,4.01,4.08,3.91,3.97,0
1991-03-25,3.97,3.98,3.8,3.85,0
1991-04-01,3.885,4.13,3.885,3.95,0
1991-04-08,4,4.06,3.98,3.99,0
1991-04-15,3.99,4.14,3.89,3.91,0
1991-04-22,3.94,3.97,3.88,3.92,0
1991-04-29,3.93,4.04,3.84,3.95,0
1991-05-06,4.02,4.11,3.96,4.03,0
1991-05-13,4,4.16,3.99,4.02,0
1991-05-20,4.05,4.09,4.01,4.04,0
1991-05-27,4.06,4.19,4.04,4.12,0
1991-06-03,4.18,4.62,4.12,4.46,0
1991-06-10,4.55,4.61,4.36,4.42,0
1991-06-17,4.45,4.55,4.39,4.39,0
1991-06-24,4.36,4.5,4.24,4.42,0
1991-07-01,4.45,4.56,4.37,4.55,0
1991-07-08,4.48,4.52,4.34,4.38,0
1991-07-15,4.37,4.49,4.36,4.4,0
1991-07-22,4.39,4.4,4,4.09,0
1991-07-29,4.1,4.11,3.93,3.95,0
1991-08-05,3.94,3.99,3.91,3.99,0
1991-08-12,3.99,4.04,3.89,4.01,0
1991-08-19,4.01,4.11,3.88,3.96,0
1991-08-26,3.96,4.01,3.81,3.83,0
1991-09-02,3.83,4,3.83,3.99,0
1991-09-09,3.99,4.1,3.93,4.02,0
1991-09-16,4.01,4.11,4.01,4.1,0
1991-09-23,4.1,4.27,4.07,4.1,0
1991-09-30,4.16,4.22,4.13,4.15,0
1991-10-07,4.14,4.14,4.03,4.13,0
1991-10-14,4.1,4.17,4.06,4.15,0
1991-10-21,4.17,4.2,4.09,4.1,0
1991-10-28,4.06,4.13,4.05,4.05,0
1991-11-04,4.09,4.11,4,4,0
1991-11-11,4.04,4.09,3.99,4.03,0
1991-11-18,4.02,4.17,4.02,4.14,0
1991-11-25,4.16,4.18,4.05,4.08,0
1991-12-02,4.09,4.1,4.03,4.04,0
1991-12-09,4.07,4.08,3.84,3.87,0
1991-12-16,3.88,3.91,3.82,3.87,0
1991-12-23,3.89,3.94,3.87,3.88,0
1991-12-30,3.86,4.03,3.86,3.96,0
1992-01-06,3.93,4.16,3.92,4.1,0
1992-01-13,4.06,4.39,4.04,4.28,0
1992-01-20,4.25,4.33,4.12,4.15,0
1992-01-27,4.16,4.25,4.13,4.17,0
1992-02-03,4.18,4.27,4.16,4.18,0
1992-02-10,4.17,4.26,4.16,4.16,0
1992-02-17,4.15,4.16,4.05,4.1,0
1992-02-24,4.07,4.14,4.06,4.11,0
1992-03-02,4.09,4.19,4.09,4.16,0
1992-03-09,4.13,4.18,4.1,4.11,0
1992-03-16,4.08,4.14,4.01,4.12,0
1992-03-23,4.11,4.16,4.09,4.15,0
1992-03-30,4.15,4.16,4.07,4.08,0
1992-04-06,4.08,4.15,4.08,4.1,0
1992-04-13,4.11,4.12,3.97,3.97,0
1992-04-20,3.97,4.04,3.95,3.97,0
1992-04-27,3.97,4.01,3.93,4.01,0
1992-05-04,3.99,4.12,3.99,4.08,0
1992-05-11,4.11,4.15,4.08,4.08,0
1992-05-18,4.07,4.11,4.06,4.08,0
1992-05-25,4.08,4.1,4.01,4.01,0
1992-06-01,3.99,4.09,3.99,4.05,0
1992-06-08,4.05,4.13,4.04,4.12,0
1992-06-15,4.11,4.14,4.03,4.03,0
1992-06-22,4.03,4.05,3.99,3.99,0
1992-06-29,3.98,4.09,3.98,4.04,0
1992-07-06,4.05,4.05,3.85,3.94,0
1992-07-13,3.94,4.01,3.93,3.98,0
1992-07-20,4.01,4.03,3.95,3.95,0
1992-07-27,3.95,3.97,3.9,3.93,0
1992-08-03,3.91,4,3.87,4,0
1992-08-10,3.97,4,3.79,3.81,0
1992-08-17,3.9,3.9,3.75,3.75,0
1992-08-24,3.75,3.76,3.64,3.69,0
1992-08-31,3.72,3.74,3.7,3.71,0
1992-09-07,3.72,3.76,3.68,3.69,0
1992-09-14,3.82,3.9,3.77,3.85,0
1992-09-21,3.81,3.87,3.8,3.81,0
1992-09-28,3.8,3.8,3.73,3.75,0
1992-10-05,3.75,3.8,3.73,3.77,0
1992-10-12,3.75,3.77,3.7,3.73,0
1992-10-19,3.73,3.83,3.73,3.78,0
1992-10-26,3.76,3.78,3.75,3.76,0
1992-11-02,3.76,3.96,3.74,3.87,0
1992-11-09,3.86,3.88,3.64,3.75,0
1992-11-16,3.75,3.78,3.75,3.76,0
1992-11-23,3.76,3.77,3.73,3.73,0
1992-11-30,3.73,3.77,3.73,3.75,0
1992-12-07,3.76,3.77,3.69,3.71,0
1992-12-14,3.71,3.79,3.69,3.77,0
1992-12-21,3.74,3.74,3.69,3.7,0
1992-12-28,3.7,3.71,3.66,3.68,0
1993-01-04,3.64,3.73,3.64,3.68,0
1993-01-11,3.68,3.73,3.66,3.66,0
1993-01-18,3.67,3.74,3.67,3.7,0
1993-01-25,3.69,3.72,3.66,3.66,0
1993-02-01,3.65,3.69,3.65,3.66,0
1993-02-08,3.66,3.77,3.66,3.68,0
1993-02-15,3.69,3.73,3.58,3.58,0
1993-02-22,3.57,3.61,3.54,3.59,0
1993-03-01,3.58,3.61,3.56,3.58,0
1993-03-08,3.58,3.64,3.55,3.63,0
1993-03-15,3.64,3.69,3.63,3.68,0
1993-03-22,3.69,3.73,3.65,3.72,0
1993-03-29,3.7,4,3.7,3.95,0
1993-04-05,3.85,3.92,3.79,3.82,0
1993-04-12,3.8,3.97,3.8,3.92,0
1993-04-19,3.96,3.98,3.87,3.94,0
1993-04-26,3.94,4.39,3.94,4.39,0
1993-05-03,4.38,4.45,4.23,4.26,0
1993-05-10,4.26,4.56,4.24,4.44,0
1993-05-17,4.43,4.72,4.39,4.67,0
1993-05-24,4.56,4.7,4.53,4.6,0
1993-05-31,4.6,4.64,4.35,4.44,0
1993-06-07,4.4,4.44,4.19,4.19,0
1993-06-14,4.19,4.39,4.18,4.28,0
1993-06-21,4.28,4.49,4.26,4.49,0
1993-06-28,4.49,4.95,4.41,4.87,0
1993-07-05,5.06,5.14,5,5,0
1993-07-12,5.08,5.09,4.93,5.06,0
1993-07-19,5.07,5.13,4.86,4.97,0
1993-07-26,4.97,5.4,4.97,5.4,0
1993-08-02,5.36,5.46,4.56,4.56,0
1993-08-09,4.67,4.79,4.51,4.63,0
1993-08-16,4.73,4.82,4.65,4.79,0
1993-08-23,4.76,4.83,4.63,4.75,0
1993-08-30,4.79,4.87,4.39,4.52,0
1993-09-06,4.47,4.47,4.07,4.07,0
1993-09-13,4.04,4.13,3.91,4.05,0
1993-09-20,4.05,4.22,4.03,4.12,0
1993-09-27,4.1,4.11,4,4.04,0
1993-10-04,4.03,4.37,4.03,4.34,0
1993-10-11,4.37,4.5,4.28,4.34,0
1993-10-18,4.34,4.58,4.34,4.44,0
1993-10-25,4.47,4.48,4.36,4.36,0
1993-11-01,4.25,4.56,4.18,4.49,0
1993-11-08,4.5,4.6,4.49,4.51,0
1993-11-15,4.53,4.74,4.53,4.71,0
1993-11-22,4.67,4.71,4.64,4.64,0
1993-11-29,4.63,4.84,4.42,4.81,0
1993-12-06,4.83,5.05,4.82,5.03,0
1993-12-13,5.09,5.12,4.96,5.02,0
1993-12-20,5.11,5.13,4.95,5.04,0
1993-12-27,5.06,5.13,5.05,5.09,0
1994-01-03,5.1,5.26,4.99,5.01,0
1994-01-10,5.06,5.23,5.06,5.22,0
1994-01-17,5.3,5.33,5.1,5.1,0
1994-01-24,5.04,5.14,4.95,5,0
1994-01-31,5.04,5.47,4.94,5.41,0
1994-02-07,5.34,5.38,5.22,5.25,0
1994-02-14,5.31,5.37,5.15,5.17,0
1994-02-21,5.2,5.25,5.18,5.22,0
1994-02-28,5.31,5.38,5.23,5.24,0
1994-03-07,5.24,5.43,5.17,5.37,0
1994-03-14,5.36,5.49,5.36,5.37,0
1994-03-21,5.58,5.79,5.58,5.78,0
1994-03-28,5.7,5.78,5.6,5.77,0
1994-04-04,5.78,5.8,5.44,5.48,0
1994-04-11,5.42,5.46,5.23,5.23,0
1994-04-18,5.24,5.34,5.24,5.26,0
1994-04-25,5.1,5.34,5.1,5.34,0
1994-05-02,5.34,5.47,5.09,5.44,0
1994-05-09,5.4,5.47,5.28,5.4,0
1994-05-16,5.35,5.68,5.35,5.63,0
1994-05-23,5.66,5.75,5.42,5.47,0
1994-05-30,5.47,5.61,5.26,5.32,0
1994-06-06,5.29,5.4,5.21,5.35,0
1994-06-13,5.3,5.64,5.3,5.58,0
1994-06-20,5.57,5.61,5.36,5.39,0
1994-06-27,5.35,5.42,5.24,5.36,0
1994-07-04,5.38,5.46,5.19,5.26,0
1994-07-11,5.26,5.35,5.13,5.24,0
1994-07-18,5.24,5.35,5.2,5.25,0
1994-07-25,5.26,5.41,5.26,5.31,0
1994-08-01,5.32,5.32,5.13,5.14,0
1994-08-08,5.12,5.2,5.06,5.06,0
1994-08-15,5.06,5.24,5.05,5.22,0
1994-08-22,5.24,5.28,5.2,5.21,0
1994-08-29,5.19,5.5,5.19,5.41,0
1994-09-05,5.42,5.53,5.42,5.51,0
1994-09-12,5.5,5.52,5.37,5.42,0
1994-09-19,5.4,5.73,5.4,5.69,0
1994-09-26,5.66,5.66,5.59,5.59,0
1994-10-03,5.66,5.66,5.6,5.6,0
1994-10-10,5.37,5.5,5.35,5.35,0
1994-10-17,5.4,5.41,5.29,5.29,0
1994-10-24,5.32,5.43,5.3,5.35,0
1994-10-31,5.25,5.32,5.24,5.24,0
1994-11-07,5.19,5.21,5.11,5.17,0
1994-11-14,5.18,5.23,5.14,5.14,0
1994-11-21,5.16,5.18,5.15,5.15,0
1994-11-28,5.1,5.1,4.7,4.7,0
1994-12-05,4.57,4.69,4.57,4.69,0
1994-12-12,4.78,4.8,4.78,4.78,0
1994-12-19,4.77,4.83,4.77,4.78,0
1994-12-26,4.8,4.9,4.8,4.87,0
1995-01-02,4.73,4.73,4.6,4.63,0
1995-01-09,4.67,4.84,4.66,4.81,0
1995-01-16,4.76,4.91,4.76,4.91,0
1995-01-23,4.81,4.83,4.66,4.66,0
1995-01-30,4.72,4.72,4.66,4.67,0
1995-02-06,4.69,4.77,4.67,4.76,0
1995-02-13,4.72,4.77,4.72,4.77,0
1995-02-20,4.77,4.83,4.63,4.63,0
1995-02-27,4.5,4.53,4.39,4.4,0
1995-03-06,4.47,4.67,4.47,4.56,0
1995-03-13,4.7,4.76,4.68,4.71,0
1995-03-20,4.67,4.68,4.61,4.61,0
1995-03-27,4.61,5.3,4.61,5.3,0
1995-04-03,5.29,5.4,5.28,5.39,0
1995-04-10,5.24,5.38,5.24,5.36,0
1995-04-17,5.72,5.86,5.66,5.66,0
1995-04-24,5.66,5.76,5.56,5.72,0
1995-05-01,5.85,6.1,5.85,6.05,0
1995-05-08,5.99,5.99,5.3,5.3,0
1995-05-15,5.43,5.43,5.35,5.35,0
1995-05-22,5.27,5.49,5.27,5.45,0
1995-05-29,5.48,5.51,5.24,5.24,0
1995-06-05,5.32,5.45,5.3,5.45,0
1995-06-12,5.38,5.44,5.31,5.41,0
1995-06-19,5.44,5.55,5.35,5.35,0
1995-06-26,5.33,5.33,5.06,5.06,0
1995-07-03,5.1,5.17,5.08,5.17,0
1995-07-10,5.15,5.26,5.15,5.24,0
1995-07-17,5.35,5.35,5.14,5.21,0
1995-07-24,5.19,5.19,5.08,5.08,0
1995-07-31,5.05,5.31,5.05,5.17,0
1995-08-07,5.2,5.27,5.2,5.25,0
1995-08-14,5.38,5.69,5.37,5.69,0
1995-08-21,5.8,5.8,5.57,5.6,0
1995-08-28,5.62,5.62,5.21,5.32,0
1995-09-04,5.31,5.45,5.22,5.45,0
1995-09-11,5.51,5.53,5.42,5.47,0
1995-09-18,5.55,5.55,5.43,5.44,0
1995-09-25,5.45,5.5,5.45,5.48,0
1995-10-02,5.3,5.37,5.29,5.37,0
1995-10-09,5.44,5.44,5.39,5.39,0
1995-10-16,5.36,5.37,5.32,5.36,0
1995-10-23,5.35,5.45,5.3,5.3,0
1995-10-30,5.34,5.35,5.3,5.3,0
1995-11-06,5.26,5.43,5.26,5.43,0
1995-11-13,5.4,5.4,5.32,5.36,0
1995-11-20,5.35,5.35,5.17,5.2,0
1995-11-27,5.23,5.24,5.2,5.22,0
1995-12-04,5.2,5.26,5.2,5.22,0
1995-12-11,5.23,5.23,5.11,5.12,0
1995-12-18,5.16,5.3,5.14,5.3,0
1995-12-25,5.14,5.17,5.14,5.16,0
1996-01-01,5.4,5.53,5.38,5.53,0
1996-01-08,5.55,5.61,5.44,5.44,0
1996-01-15,5.41,5.49,5.41,5.44,0
1996-01-22,5.6,5.6,5.51,5.53,0
1996-01-29,5.53,5.82,5.53,5.82,0
1996-02-05,5.82,5.86,5.63,5.65,0
1996-02-12,5.68,5.74,5.65,5.68,0
1996-02-19,5.53,5.55,5.47,5.47,0
1996-02-26,5.51,5.51,5.46,5.5,0
1996-03-04,5.42,5.49,5.39,5.49,0
1996-03-11,5.51,5.63,5.51,5.63,0
1996-03-18,5.56,5.63,5.53,5.63,0
1996-03-25,5.63,5.69,5.52,5.53,0
1996-04-01,5.55,5.55,5.43,5.43,0
1996-04-08,5.56,5.56,5.46,5.51,0
1996-04-15,5.47,5.47,5.26,5.26,0
1996-04-22,5.33,5.4,5.29,5.35,0
1996-04-29,5.3,5.45,5.3,5.45,0
1996-05-06,5.46,5.49,5.36,5.36,0
1996-05-13,5.37,5.48,5.32,5.32,0
1996-05-20,5.29,5.35,5.29,5.33,0
1996-05-27,5.32,5.36,5.32,5.33,0
1996-06-03,5.38,5.38,5.16,5.18,0
1996-06-10,5.18,5.2,5.07,5.2,0
1996-06-17,5.2,5.2,5.13,5.13,0
1996-06-24,5.16,5.17,5.01,5.02,0
1996-07-01,5.06,5.13,5.06,5.13,0
1996-07-08,5.06,5.14,5.06,5.14,0
1996-07-15,5.15,5.15,4.94,4.97,0
1996-07-22,5.02,5.11,4.98,5.11,0
1996-07-29,5.07,5.15,5.07,5.07,0
1996-08-05,5.09,5.1,5.04,5.04,0
1996-08-12,5.07,5.09,5.05,5.08,0
1996-08-19,5.1,5.24,5.1,5.22,0
1996-08-26,5.27,5.27,5.16,5.16,0
1996-09-02,5.16,5.17,5.11,5.11,0
1996-09-09,5.08,5.1,5.03,5.03,0
1996-09-16,5.05,5.07,4.85,4.85,0
1996-09-23,4.88,4.91,4.87,4.9,0
1996-09-30,4.87,4.92,4.86,4.86,0
1996-10-07,4.87,5.05,4.87,5.05,0
1996-10-14,5.02,5.03,4.89,4.89,0
1996-10-21,4.93,4.98,4.91,4.91,0
1996-10-28,4.92,4.92,4.8,4.8,0
1996-11-04,4.81,4.85,4.71,4.85,0
1996-11-11,4.9,4.95,4.84,4.95,0
1996-11-18,4.89,4.96,4.85,4.85,0
1996-11-25,4.76,4.76,4.74,4.74,0
1996-12-02,4.7,4.86,4.7,4.77,0
1996-12-09,4.78,4.84,4.78,4.82,0
1996-12-16,4.8,4.86,4.8,4.83,0
1996-12-23,4.84,5.03,4.84,5.03,0
1996-12-30,4.79,5.03,4.67,4.67,0
1997-01-06,4.64,4.75,4.64,4.75,0
1997-01-13,4.7,4.76,4.67,4.76,0
1997-01-20,4.73,4.97,4.71,4.97,0
1997-01-27,5.04,5.04,4.87,4.92,0
1997-02-03,4.91,4.95,4.85,4.95,0
1997-02-10,4.96,5.26,4.85,5.26,0
1997-02-17,5.25,5.28,5.19,5.19,0
1997-02-24,5.21,5.33,5.21,5.33,0
1997-03-03,5.29,5.29,5.16,5.16,0
1997-03-10,5.24,5.26,5.2,5.26,0
1997-03-17,5.25,5.26,5.18,5.24,0
1997-03-24,5.14,5.17,5.13,5.15,0
1997-03-31,5.11,5.11,4.73,4.74,0
1997-04-07,4.78,4.83,4.72,4.73,0
1997-04-14,4.74,4.81,4.69,4.73,0
1997-04-21,4.75,4.77,4.71,4.74,0
1997-04-28,4.71,4.77,4.61,4.7,0
1997-05-05,4.75,4.9,4.71,4.86,0
1997-05-12,4.86,4.91,4.68,4.68,0
1997-05-19,4.67,4.72,4.64,4.67,0
1997-05-26,4.76,4.93,4.68,4.72,0
1997-06-02,4.74,4.9,4.71,4.79,0
1997-06-09,4.83,4.83,4.69,4.69,0
1997-06-16,4.71,4.82,4.71,4.73,0
1997-06-23,4.72,4.84,4.7,4.7,0
1997-06-30,4.7,4.7,4.55,4.55,0
1997-07-07,4.39,4.48,4.27,4.36,0
1997-07-14,4.33,4.35,4.19,4.28,0
1997-07-21,4.3,4.43,4.29,4.33,0
1997-07-28,4.35,4.52,4.32,4.48,0
1997-08-04,4.51,4.57,4.33,4.39,0
1997-08-11,4.43,4.58,4.4,4.58,0
1997-08-18,4.45,4.72,4.45,4.68,0
1997-08-25,4.64,4.82,4.57,4.72,0
1997-09-08,4.76,4.76,4.76,4.76,0
1997-09-15,4.64,4.64,4.58,4.59,0
1997-09-22,4.69,4.76,4.69,4.75,0
1997-09-29,4.81,5.11,4.76,5.09,0
1997-10-13,5.07,5.12,4.89,4.96,0
1997-10-20,4.95,4.99,4.9,4.98,0
1997-11-03,4.91,4.91,4.91,4.91,0
1997-11-17,5.11,5.11,5.11,5.11,0
1997-12-15,5.97,5.97,5.97,5.97,0
1997-12-22,6.27,6.39,6.19,6.35,0
1997-12-29,6.15,6.18,5.82,6,0
1998-01-05,5.92,5.92,5.92,5.92,0
1998-01-19,5.85,5.85,5.85,5.85,0
1998-02-02,6.76,7.28,6.76,7.28,0
1998-02-09,7,7.07,7,7.07,0
1998-02-23,6.02,6.02,6.02,6.02,0
1998-03-02,6.35,6.35,6.35,6.35,0
1998-03-16,5.88,6.21,5.88,6.21,0
1998-03-23,6.45,6.45,6.41,6.41,0
1998-03-30,6.36,6.59,6.36,6.59,0
1998-04-06,6.58,6.67,6.33,6.45,0
1998-04-20,6.24,6.4,6.21,6.31,0
1998-05-04,6.16,6.26,6.15,6.25,0
1998-05-11,5.57,5.69,5.57,5.57,0
1998-05-18,5.28,5.35,5.27,5.27,0
1998-06-08,5.34,5.34,5.17,5.17,0
1998-06-15,5.37,5.37,5.37,5.37,0
1998-06-22,5.26,5.35,5.26,5.35,0
1998-06-29,5.32,5.46,5.32,5.33,0
1998-07-06,5.32,5.32,5.32,5.32,0
1998-07-20,5.65,5.65,5.65,5.65,0
1998-08-03,5.35,5.42,5.35,5.42,0
1998-08-10,5.33,5.33,5.16,5.16,0
1998-08-17,5.11,5.16,5.08,5.16,0
1998-08-24,5.13,5.13,4.65,4.65,0
1998-08-31,4.67,4.67,4.67,4.67,0
1998-09-14,4.95,4.95,4.95,4.95,0
1998-09-21,5.04,5.04,5.04,5.04,0
1998-10-12,4.92,4.97,4.84,4.93,0
1998-10-19,4.88,4.88,4.88,4.88,0
1998-10-26,4.98,5.07,4.98,5.07,0
1998-11-02,4.95,5.04,4.95,5.01,0
1998-11-09,5.03,5.14,4.98,5.02,0
1998-11-16,4.92,5,4.89,4.89,0
1998-11-23,4.91,4.92,4.88,4.92,0
1998-11-30,4.86,4.87,4.62,4.77,0
1998-12-07,4.76,4.84,4.76,4.79,0
1998-12-14,4.87,5.07,4.87,4.94,0
1998-12-21,4.89,4.92,4.89,4.92,0
1998-12-28,4.92,5.03,4.91,5.02,0
1999-01-04,4.92,5.36,4.92,5.28,0
1999-01-11,5.35,5.35,5.12,5.12,0
1999-01-18,5.12,5.15,5.1,5.1,0
1999-01-25,5.17,5.24,5.09,5.23,0
1999-02-01,5.32,5.78,5.32,5.65,0
1999-02-08,5.62,5.65,5.5,5.65,0
1999-02-15,5.42,5.62,5.42,5.62,0
1999-02-22,5.49,5.63,5.4,5.63,0
1999-03-01,5.54,5.54,5.2,5.2,0
1999-03-08,5.28,5.34,5.23,5.31,0
1999-03-15,5.11,5.11,5.01,5.05,0
1999-03-22,5.04,5.16,5.04,5.08,0
1999-03-29,5.09,5.17,4.96,5.02,0
1999-04-05,5.01,5.01,4.9,4.94,0
1999-04-12,4.89,5.04,4.87,5.04,0
1999-04-19,5.15,5.19,5.13,5.15,0
1999-04-26,5.11,5.4,5.11,5.4,0
1999-05-03,4.89,5.43,4.89,5.43,0
1999-05-10,5.42,5.53,5.37,5.37,0
1999-05-17,5.37,5.37,5.19,5.19,0
1999-05-24,5.06,5.06,4.88,4.88,0
1999-05-31,4.98,4.99,4.87,4.88,0
1999-06-07,4.95,5.15,4.93,5.11,0
1999-06-14,5.09,5.15,4.95,4.95,0
1999-06-21,4.95,5.14,4.95,5.06,0
1999-06-28,5.05,5.34,4.97,5.25,0
1999-07-05,5.26,5.3,5.17,5.22,0
1999-07-12,5.21,5.24,5.05,5.07,0
1999-07-19,5.05,5.17,5.02,5.14,0
1999-07-26,5.11,5.45,5.11,5.43,0
1999-08-02,5.43,5.56,5.35,5.39,0
1999-08-09,5.36,5.42,5.28,5.3,0
1999-08-16,5.26,5.34,5.15,5.22,0
1999-08-23,5.2,5.25,5.07,5.1,0
1999-08-30,5.11,5.28,5.07,5.15,0
1999-09-06,5.15,5.34,5.12,5.19,0
1999-09-13,5.19,5.2,5.08,5.09,0
1999-09-20,5.09,5.3,5.08,5.23,0
1999-09-27,5.28,5.93,5.28,5.58,0
1999-10-04,5.57,5.71,5.48,5.53,0
1999-10-11,5.51,5.69,5.31,5.31,0
1999-10-18,5.32,5.51,5.16,5.23,0
1999-10-25,5.24,5.34,5.17,5.21,0
1999-11-01,5.38,5.38,5.07,5.07,0
1999-11-08,5.02,5.22,5.02,5.05,0
1999-11-15,5.05,5.2,5.03,5.15,0
1999-11-22,5.12,5.34,5.12,5.18,0
1999-11-29,5.19,5.27,5.07,5.1,0
1999-12-06,5.08,5.17,5.03,5.12,0
1999-12-13,5.1,5.33,5.1,5.22,0
1999-12-20,5.21,5.29,5.15,5.2,0
1999-12-27,5.21,5.43,5.19,5.4,0
2000-01-03,5.4,5.4,5.12,5.16,0
2000-01-10,5.13,5.18,5.09,5.11,0
2000-01-17,5.12,5.31,5.11,5.2,0
2000-01-24,5.19,5.39,5.19,5.25,0
2000-01-31,5.24,5.53,5.17,5.51,0
2000-02-07,5.46,5.54,5.23,5.27,0
2000-02-14,5.27,5.37,5.21,5.23,0
2000-02-21,5.23,5.33,5.04,5.05,0
2000-02-28,5.06,5.25,5.02,5.02,0
2000-03-06,5.1,5.12,5.01,5.07,0
2000-03-13,5.08,5.15,5.06,5.09,0
2000-03-20,5.09,5.18,5.03,5.1,0
2000-03-27,5.11,5.11,4.91,5,0
2000-04-03,5,5.18,4.98,5.08,0
2000-04-10,5.06,5.19,5.06,5.13,0
2000-04-17,5.13,5.15,4.96,4.96,0
2000-04-24,4.97,5.09,4.92,4.95,0
2000-05-01,4.95,5.12,4.95,4.98,0
2000-05-08,5.01,5.08,4.97,4.99,0
2000-05-15,5,5.12,4.96,4.96,0
2000-05-22,4.96,5,4.89,4.91,0
2000-05-29,4.92,5.04,4.88,4.98,0
2000-06-05,4.98,5.11,4.95,5.01,0
2000-06-12,5.02,5.13,4.99,5.05,0
2000-06-19,5.05,5.05,4.93,4.94,0
2000-06-26,4.94,5.04,4.93,5.02,0
2000-07-03,5.01,5.01,4.96,4.96,0
2000-07-10,4.96,5.01,4.93,4.98,0
2000-07-17,4.99,5.02,4.9,4.92,0
2000-07-24,4.93,5.01,4.92,4.95,0
2000-07-31,4.94,4.99,4.9,4.9,0
2000-08-07,4.9,5.01,4.85,4.88,0
2000-08-14,4.88,4.91,4.82,4.83,0
2000-08-21,4.82,4.9,4.77,4.87,0
2000-08-28,4.86,4.97,4.86,4.96,0
2000-09-04,4.95,4.95,4.88,4.89,0
2000-09-11,4.89,4.91,4.84,4.85,0
2000-09-18,4.85,4.93,4.81,4.89,0
2000-09-25,4.88,4.95,4.85,4.87,0
2000-10-02,4.87,4.89,4.84,4.86,0
2000-10-09,4.86,4.96,4.83,4.86,0
2000-10-16,4.87,4.97,4.8,4.81,0
2000-10-23,4.82,4.84,4.69,4.75,0
2000-10-30,4.75,4.8,4.69,4.73,0
2000-11-06,4.73,4.93,4.68,4.68,0
2000-11-13,4.69,4.76,4.65,4.66,0
2000-11-20,4.6,4.65,4.6,4.61,0
2000-11-27,4.61,4.72,4.61,4.64,0
2000-12-04,4.65,4.77,4.63,4.63,0
2000-12-11,4.66,4.71,4.55,4.55,0
2000-12-18,4.58,4.7,4.57,4.61,0
2000-12-25,4.61,4.66,4.58,4.59,0
2001-01-01,4.6,4.6,4.47,4.56,0
2001-01-08,4.56,4.64,4.52,4.62,0
2001-01-15,4.6,4.92,4.6,4.74,0
2001-01-22,4.75,4.83,4.73,4.79,0
2001-01-29,4.79,4.84,4.75,4.76,0
2001-02-05,4.76,4.77,4.49,4.54,0
2001-02-12,4.54,4.58,4.48,4.48,0
2001-02-19,4.51,4.51,4.39,4.43,0
2001-02-26,4.43,4.55,4.39,4.41,0
2001-03-05,4.42,4.54,4.39,4.5,0
2001-03-12,4.5,4.54,4.3,4.3,0
2001-03-19,4.3,4.57,4.29,4.35,0
2001-03-26,4.36,4.45,4.29,4.29,0
2001-04-02,4.29,4.41,4.28,4.29,0
2001-04-09,4.3,4.41,4.3,4.37,0
2001-04-16,4.37,4.52,4.34,4.44,0
2001-04-23,4.45,4.52,4.36,4.36,0
2001-04-30,4.36,4.42,4.32,4.33,0
2001-05-07,4.35,4.41,4.195,4.35,0
2001-05-14,4.33,4.61,4.31,4.57,0
2001-05-21,4.57,4.69,4.46,4.55,0
2001-05-28,4.55,4.56,4.38,4.41,0
2001-06-04,4.41,4.48,4.32,4.37,0
2001-06-11,4.37,4.53,4.33,4.4,0
2001-06-18,4.4,4.48,4.3,4.3,0
2001-06-25,4.3,4.43,4.29,4.31,0
2001-07-02,4.3,4.39,4.22,4.25,0
2001-07-09,4.23,4.31,4.23,4.31,0
2001-07-16,4.3,4.32,4.2,4.23,0
2001-07-23,4.24,4.295,4.22,4.22,0
2001-07-30,4.22,4.28,4.21,4.23,0
2001-08-06,4.24,4.25,4.13,4.15,0
2001-08-13,4.14,4.29,4.14,4.27,0
2001-08-20,4.27,4.28,4.16,4.18,0
2001-08-27,4.19,4.25,4.17,4.18,0
2001-09-03,4.19,4.215,4.16,4.17,0
2001-09-10,4.17,4.35,4.14,4.31,0
2001-09-17,4.28,4.74,4.28,4.59,0
2001-09-24,4.59,4.655,4.49,4.63,0
2001-10-01,4.63,4.69,4.59,4.65,0
2001-10-08,4.65,4.685,4.38,4.45,0
2001-10-15,4.44,4.45,4.24,4.25,0
2001-10-22,4.26,4.275,4.19,4.2,0
2001-10-29,4.22,4.29,4.125,4.13,0
2001-11-05,4.13,4.22,4.08,4.09,0
2001-11-12,4.09,4.23,4.09,4.11,0
2001-11-19,4.11,4.13,4.05,4.09,0
2001-11-26,4.09,4.195,4.05,4.16,0
2001-12-03,4.16,4.305,4.14,4.28,0
2001-12-10,4.28,4.44,4.24,4.41,0
2001-12-17,4.41,4.57,4.32,4.51,0
2001-12-24,4.51,4.63,4.455,4.53,0
2001-12-31,4.54,4.72,4.52,4.69,0
2002-01-07,4.66,4.87,4.66,4.75,0
2002-01-14,4.75,4.75,4.36,4.36,0
2002-01-21,4.35,4.38,4.26,4.31,0
2002-01-28,4.31,4.33,4.23,4.31,0
2002-02-04,4.3,4.495,4.28,4.45,0
2002-02-11,4.45,4.615,4.38,4.55,0
2002-02-18,4.55,4.59,4.395,4.4,0
2002-02-25,4.4,4.6,4.28,4.56,0
2002-03-04,4.56,4.64,4.46,4.5,0
2002-03-11,4.5,4.55,4.46,4.48,0
2002-03-18,4.48,4.57,4.45,4.53,0
2002-03-25,4.53,4.695,4.52,4.63,0
2002-04-01,4.63,4.74,4.51,4.57,0
2002-04-08,4.57,4.64,4.53,4.58,0
2002-04-15,4.58,4.62,4.41,4.49,0
2002-04-22,4.5,4.675,4.5,4.64,0
2002-04-29,4.65,4.65,4.52,4.6,0
2002-05-06,4.6,4.68,4.555,4.66,0
2002-05-13,4.66,4.71,4.59,4.66,0
2002-05-20,4.66,4.9,4.65,4.86,0
2002-05-27,4.86,5.06,4.78,5,0
2002-06-03,5,5.135,4.92,4.95,0
2002-06-10,4.96,4.98,4.8,4.85,0
2002-06-17,4.85,4.91,4.66,4.84,0
2002-06-24,4.84,4.91,4.79,4.82,0
2002-07-01,4.82,4.99,4.81,4.92,0
2002-07-08,4.92,5.1,4.91,5.04,0
2002-07-15,5.03,5.15,4.95,5.04,0
2002-07-22,5.04,5.08,4.59,4.66,0
2002-07-29,4.66,4.68,4.55,4.59,0
2002-08-05,4.59,4.7,4.59,4.66,0
2002-08-12,4.66,4.725,4.46,4.49,0
2002-08-19,4.49,4.54,4.39,4.41,0
2002-08-26,4.41,4.57,4.32,4.45,0
2002-09-02,4.45,4.555,4.43,4.51,0
2002-09-09,4.51,4.62,4.51,4.54,0
2002-09-16,4.54,4.67,4.52,4.63,0
2002-09-23,4.63,4.69,4.48,4.48,0
2002-09-30,4.48,4.56,4.44,4.48,0
2002-10-07,4.48,4.49,4.27,4.31,0
2002-10-14,4.31,4.42,4.25,4.35,0
2002-10-21,4.35,4.47,4.3,4.4,0
2002-10-28,4.4,4.6,4.38,4.48,0
2002-11-04,4.48,4.64,4.41,4.52,0
2002-11-11,4.52,4.67,4.49,4.56,0
2002-11-18,4.56,4.62,4.42,4.53,0
2002-11-25,4.53,4.57,4.38,4.43,0
2002-12-02,4.43,4.75,4.38,4.64,0
2002-12-09,4.64,4.83,4.52,4.67,0
2002-12-16,4.67,4.85,4.57,4.6,0
2002-12-23,4.6,4.75,4.57,4.68,0
2002-12-30,4.68,4.92,4.61,4.88,0
2003-01-06,4.88,4.96,4.73,4.83,0
2003-01-13,4.83,4.88,4.6,4.77,0
2003-01-20,4.77,4.97,4.72,4.86,0
2003-01-27,4.88,4.96,4.74,4.83,0
2003-02-03,4.83,4.98,4.63,4.63,0
2003-02-10,4.63,4.745,4.48,4.53,0
2003-02-17,4.53,4.71,4.46,4.66,0
2003-02-24,4.66,4.76,4.55,4.59,0
2003-03-03,4.59,4.7,4.58,4.66,0
2003-03-10,4.66,4.7,4.51,4.53,0
2003-03-17,4.53,4.585,4.34,4.34,0
2003-03-24,4.34,4.45,4.34,4.43,0
2003-03-31,4.43,4.49,4.36,4.41,0
2003-04-07,4.42,4.525,4.38,4.48,0
2003-04-14,4.48,4.545,4.46,4.48,0
2003-04-21,4.48,4.65,4.48,4.61,0
2003-04-28,4.62,4.805,4.54,4.77,0
2003-05-05,4.78,4.81,4.71,4.77,0
2003-05-12,4.78,4.88,4.75,4.77,0
2003-05-19,4.78,4.85,4.63,4.63,0
2003-05-26,4.63,4.69,4.51,4.52,0
2003-06-02,4.52,4.58,4.48,4.53,0
2003-06-09,4.53,4.59,4.43,4.57,0
2003-06-16,4.58,4.64,4.52,4.52,0
2003-06-23,4.52,4.575,4.5,4.56,0
2003-06-30,4.51,4.685,4.505,4.65,0
2003-07-07,4.65,4.87,4.65,4.78,0
2003-07-14,4.78,4.81,4.63,4.7,0
2003-07-21,4.69,5.155,4.63,5.06,0
2003-07-28,5.07,5.22,5.03,5.08,0
2003-08-04,5.09,5.11,4.91,4.98,0
2003-08-11,4.99,5.05,4.83,4.91,0
2003-08-18,4.92,5.03,4.88,4.98,0
2003-08-25,4.99,5.16,4.94,5.1,0
2003-09-01,5.1,5.17,4.95,5.1,0
2003-09-08,5.1,5.33,5.07,5.18,0
2003-09-15,5.18,5.32,5.09,5.22,0
2003-09-22,5.25,5.35,5.09,5.09,0
2003-09-29,5.11,5.185,4.8,4.8,0
2003-10-06,4.83,4.91,4.73,4.87,0
2003-10-13,4.86,4.965,4.86,4.92,0
2003-10-20,4.93,5.19,4.92,5.15,0
2003-10-27,5.16,5.2,5,5.04,0
2003-11-03,5.04,5.09,4.9,5.04,0
2003-11-10,5.05,5.405,4.96,5.38,0
2003-11-17,5.36,5.45,5.13,5.27,0
2003-11-24,5.27,5.38,5.18,5.34,0
2003-12-01,5.33,5.52,5.33,5.45,0
2003-12-08,5.42,5.69,5.42,5.6,0
2003-12-15,5.54,5.72,5.48,5.69,0
2003-12-22,5.7,5.77,5.67,5.75,0
2003-12-29,5.74,6,5.72,5.96,0
2004-01-05,6,6.48,5.98,6.45,0
2004-01-12,6.46,6.74,6.17,6.3,0
2004-01-19,6.3,6.4,6.09,6.33,0
2004-01-26,6.33,6.63,6.11,6.23,0
2004-02-02,6.22,6.43,5.95,6.25,0
2004-02-09,6.23,6.715,6.12,6.55,0
2004-02-16,6.53,6.86,6.46,6.51,0
2004-02-23,6.52,6.79,6.29,6.68,0
2004-03-01,6.69,6.99,6.54,6.95,0
2004-03-08,6.95,7.25,6.78,7.02,0
2004-03-15,7.03,7.68,7.03,7.54,0
2004-03-22,7.53,7.77,7.43,7.69,0
2004-03-29,7.69,8.44,7.57,8.11,0
2004-04-05,8.12,8.32,8,8.06,0
2004-04-12,8.08,8.23,6.83,7.1,0
2004-04-19,7.1,7.28,6,6.15,0
2004-04-26,6.14,6.29,5.54,6.06,0
2004-05-03,6.06,6.15,5.57,5.57,0
2004-05-10,5.56,5.77,5.45,5.69,0
2004-05-17,5.68,5.93,5.59,5.84,0
2004-05-24,5.83,6.23,5.79,6.08,0
2004-05-31,6.09,6.18,5.65,5.78,0
2004-06-07,5.72,5.92,5.54,5.7,0
2004-06-14,5.7,6.02,5.64,5.97,0
2004-06-21,5.96,6.18,5.75,6.08,0
2004-06-28,6.13,6.19,5.72,5.97,0
2004-07-05,5.93,6.53,5.88,6.44,0
2004-07-12,6.39,6.73,6.26,6.69,0
2004-07-19,6.68,6.745,6.22,6.31,0
2004-07-26,6.31,6.613,6.1,6.52,0
2004-08-02,6.55,6.86,6.38,6.74,0
2004-08-09,6.72,6.79,6.45,6.59,0
2004-08-16,6.48,6.98,6.48,6.85,0
2004-08-23,6.81,6.86,6.52,6.55,0
2004-08-30,6.67,6.805,6.46,6.52,0
2004-09-06,6.54,6.64,6.07,6.13,0
2004-09-13,6.17,6.39,6.04,6.22,0
2004-09-20,6.22,6.47,6.19,6.38,0
2004-09-27,6.36,6.94,6.36,6.89,0
2004-10-04,6.87,7.29,6.66,7.25,0
2004-10-11,7.16,7.27,6.74,7.05,0
2004-10-18,7.03,7.37,6.88,7.29,0
2004-10-25,7.27,7.48,7.04,7.24,0
2004-11-01,7.13,7.49,6.9,7.46,0
2004-11-08,7.31,7.63,7.31,7.55,0
2004-11-15,7.46,7.8,7.46,7.57,0
2004-11-22,7.52,7.77,7.49,7.64,0
2004-11-29,7.69,8.155,7.61,7.99,0
2004-12-06,7.99,8,6.57,6.67,0
2004-12-13,6.67,6.91,6.63,6.74,0
2004-12-20,6.74,6.92,6.74,6.9,0
2004-12-27,6.87,7.03,6.75,6.79,0
2005-01-03,6.79,6.79,6.26,6.41,0
2005-01-10,6.41,6.84,6.4,6.57,0
2005-01-17,6.57,6.86,6.46,6.78,0
2005-01-24,6.77,6.865,6.57,6.76,0
2005-01-31,6.76,6.81,6.59,6.64,0
2005-02-07,6.6,7.22,6.47,7.16,0
2005-02-14,7.17,7.43,7.04,7.39,0
2005-02-21,7.36,7.72,7.15,7.29,0
2005-02-28,7.3,7.44,7.08,7.32,0
2005-03-07,7.32,7.62,7.22,7.51,0
2005-03-14,7.46,7.53,7.27,7.35,0
2005-03-21,7.35,7.44,6.89,6.92,0
2005-03-28,6.92,7.19,6.82,6.99,0
2005-04-04,6.98,7.14,6.88,7.12,0
2005-04-11,7.01,7.28,6.98,6.99,0
2005-04-18,6.98,7.33,6.94,7.25,0
2005-04-25,7.26,7.3,6.87,6.89,0
2005-05-02,6.9,7.1,6.785,6.91,0
2005-05-09,6.92,7.145,6.85,6.9,0
2005-05-16,6.91,7.21,6.88,6.92,0
2005-05-23,7.2,7.285,6.92,7.23,0
2005-05-30,7.27,7.6,7.13,7.44,0
2005-06-06,7.43,7.64,7.14,7.25,0
2005-06-13,7.24,7.44,7.17,7.31,0
2005-06-20,7.34,7.43,7.16,7.26,0
2005-06-27,7.25,7.27,6.83,6.85,0
2005-07-04,7,7.05,6.83,6.99,0
2005-07-11,6.93,7.13,6.9,6.95,0
2005-07-18,6.96,7.175,6.93,7.09,0
2005-07-25,7.09,7.235,6.9,7.19,0
2005-08-01,7.21,7.32,7.12,7.12,0
2005-08-08,7.2,7.22,6.89,7.07,0
2005-08-15,7.06,7.17,6.89,7,0
2005-08-22,6.97,7.09,6.71,6.73,0
2005-08-29,6.74,7.05,6.66,6.99,0
2005-09-05,7.01,7.11,6.93,7,0
2005-09-12,6.96,7.27,6.88,7.22,0
2005-09-19,7.208,7.47,7.208,7.27,0
2005-09-26,7.26,7.59,7.19,7.45,0
2005-10-03,7.415,7.72,7.32,7.7,0
2005-10-10,7.71,7.89,7.61,7.78,0
2005-10-17,7.782,7.87,7.495,7.64,0
2005-10-24,7.62,7.89,7.6,7.79,0
2005-10-31,7.74,7.792,7.38,7.54,0
2005-11-07,7.52,7.75,7.43,7.735,0
2005-11-14,7.73,8.15,7.68,8.04,0
2005-11-21,8.04,8.22,8.02,8.2,0
2005-11-28,8.165,8.61,8.16,8.535,0
2005-12-05,8.535,9.04,8.52,8.98,0
2005-12-12,8.98,9.235,8.29,8.5,0
2005-12-19,8.52,8.66,8.21,8.56,0
2005-12-26,8.56,8.94,8.56,8.81,0
2006-01-02,8.81,9.22,8.71,9.08,0
2006-01-09,9.085,9.24,8.8,9.09,0
2006-01-16,9.11,9.28,8.75,8.87,0
2006-01-23,8.865,9.77,8.85,9.55,0
2006-01-30,9.54,9.93,9.54,9.71,0
2006-02-06,9.72,9.855,9.265,9.35,0
2006-02-13,9.37,9.505,9.06,9.41,0
2006-02-20,9.39,9.77,9.39,9.71,0
2006-02-27,9.77,10.31,9.58,10.19,0
2006-03-06,10.19,10.27,9.67,9.92,0
2006-03-13,9.93,10.435,9.93,10.35,0
2006-03-20,10.35,10.75,10.16,10.72,0
2006-03-27,10.72,11.91,10.72,11.49,0
2006-04-03,11.49,12.19,11.49,12.07,0
2006-04-10,12.07,13.015,12.07,12.91,0
2006-04-17,12.91,14.735,11.63,13.055,0
2006-04-24,13.055,13.945,11.815,13.67,0
2006-05-01,13.69,14.53,13.32,13.95,0
2006-05-08,13.97,15.21,13.51,14.32,0
2006-05-15,14.345,14.5,12.175,12.545,0
2006-05-22,12.53,13.21,11.95,12.7,0
2006-05-29,12.68,13.38,11.62,12.11,0
2006-06-05,12.13,12.4,11.065,11.15,0
2006-06-12,11.165,11.31,9.48,10.23,0
2006-06-19,10.255,10.7,9.84,10.3,0
2006-06-26,10.325,11.125,10.11,11.06,0
2006-07-03,11.07,11.63,11.06,11.31,0
2006-07-10,11.33,11.8,10.94,11.43,0
2006-07-17,11.45,11.76,10.49,10.73,0
2006-07-24,10.8,11.47,10.69,11.31,0
2006-07-31,11.32,12.605,11.25,12.31,0
2006-08-07,12.355,12.65,11.792,11.88,0
2006-08-14,11.885,12.41,11.76,12,0
2006-08-21,12.025,12.67,12.025,12.34,0
2006-08-28,12.375,12.94,11.877,12.89,0
2006-09-04,12.925,13.24,12.01,12.09,0
2006-09-11,12.115,12.115,10.485,10.81,0
2006-09-18,10.825,11.375,10.73,11.16,0
2006-09-25,11.16,11.79,11.06,11.39,0
2006-10-02,11.422,11.72,10.59,11.08,0
2006-10-09,11.101,11.635,11.09,11.59,0
2006-10-16,11.622,12.09,11.57,11.875,0
2006-10-23,11.875,12.21,11.31,12.01,0
2006-10-30,12.025,12.66,11.975,12.57,0
2006-11-06,12.565,13.18,12.41,12.98,0
2006-11-13,13.005,13.145,12.515,12.75,0
2006-11-20,12.77,13.475,12.72,13.445,0
2006-11-27,13.477,14.06,13.43,13.97,0
2006-12-04,13.99,14.19,13.46,13.69,0
2006-12-11,13.67,13.96,12.807,12.847,0
2006-12-18,12.852,12.99,12.315,12.54,0
2006-12-25,12.53,12.92,12.53,12.86,0
2007-01-01,12.877,13.19,12.068,12.2,0
2007-01-08,12.17,12.85,12.06,12.85,0
2007-01-15,12.83,12.95,12.395,12.82,0
2007-01-22,12.835,13.523,12.78,13.355,0
2007-01-29,13.34,13.77,13.1,13.375,0
2007-02-05,13.37,13.922,13.3,13.84,0
2007-02-12,13.83,14.11,13.515,13.95,0
2007-02-19,13.942,14.635,13.695,14.535,0
2007-02-26,14.555,14.732,12.75,12.87,0
2007-03-05,12.87,13.13,12.417,12.91,0
2007-03-12,12.917,13.175,12.618,13.1,0
2007-03-19,13.115,13.49,13.065,13.13,0
2007-03-26,13.147,13.477,13.145,13.35,0
2007-04-02,13.362,13.72,13.007,13.71,0
2007-04-09,13.69,14.112,13.63,14.04,0
2007-04-16,14.037,14.11,13.58,13.9,0
2007-04-23,13.91,14.085,13.195,13.51,0
2007-04-30,13.51,13.577,13.05,13.41,0
2007-05-07,13.43,13.573,12.98,13.19,0
2007-05-14,13.202,13.27,12.711,12.93,0
2007-05-21,12.97,13.115,12.792,12.92,0
2007-05-28,12.925,13.69,12.91,13.66,0
2007-06-04,13.67,13.8,12.965,13.09,0
2007-06-11,13.03,13.248,12.842,13.22,0
2007-06-18,13.22,13.385,12.98,13.04,0
2007-06-25,13.04,13.06,12.15,12.39,0
2007-07-02,12.402,12.762,12.363,12.7,0
2007-07-09,12.7,13.155,12.687,13.01,0
2007-07-16,13.015,13.408,12.868,13.282,0
2007-07-23,13.282,13.502,12.632,12.685,0
2007-07-30,12.68,13.145,12.672,13.04,0
2007-08-06,13.04,13.19,12.615,12.83,0
2007-08-13,12.83,12.89,11.1,11.72,0
2007-08-20,11.72,11.993,11.48,11.94,0
2007-08-27,11.94,12.108,11.697,12.04,0
2007-09-03,12.04,12.667,12.037,12.51,0
2007-09-10,12.51,12.78,12.408,12.52,0
2007-09-17,12.52,13.645,12.5,13.5,0
2007-09-24,13.5,13.85,13.257,13.76,0
2007-10-01,13.74,13.85,13.09,13.39,0
2007-10-08,13.39,13.91,13.167,13.78,0
2007-10-15,13.78,14.01,13.302,13.49,0
2007-10-22,13.49,14.23,13.28,14.22,0
2007-10-29,14.22,14.665,13.955,14.61,0
2007-11-05,14.61,16.212,14.44,15.43,0
2007-11-12,15.43,15.45,14.35,14.44,0
2007-11-19,14.44,14.87,14.125,14.775,0
2007-11-26,14.76,15,13.823,13.955,0
2007-12-03,13.95,14.54,13.807,14.35,0
2007-12-10,14.35,14.802,13.775,13.79,0
2007-12-17,13.79,14.44,13.625,14.32,0
2007-12-24,14.32,14.85,14.32,14.765,0
2007-12-31,14.76,15.45,14.715,15.23,0
2008-01-07,15.23,16.287,15.113,16.2,0
2008-01-14,16.2,16.603,15.67,16.14,0
2008-01-21,16.15,16.597,15.217,16.45,0
2008-01-28,16.45,17.288,16.368,16.787,0
2008-02-04,16.77,17.195,16.225,17.16,0
2008-02-11,17.16,17.602,16.945,17.08,0
2008-02-18,17.08,18.14,16.975,18,0
2008-02-25,18,19.94,17.9,19.8,0
2008-03-03,19.8,21.212,19.415,20.137,0
2008-03-10,20.13,20.888,19.23,20.65,0
2008-03-17,20.65,21.31,16.71,17.2,0
2008-03-24,17.2,18.622,16.822,17.88,0
2008-03-31,17.88,18.173,16.347,17.74,0
2008-04-07,17.74,18.413,17.4,17.74,0
2008-04-14,17.74,18.74,17.3,17.84,0
2008-04-21,17.84,17.97,16.41,16.82,0
2008-04-28,16.82,17.14,16.013,16.36,0
2008-05-05,16.36,17.07,16.36,16.77,0
2008-05-12,16.77,17.302,16.47,16.93,0
2008-05-19,16.93,18.277,16.86,18.15,0
2008-05-26,18.15,18.34,16.45,16.83,0
2008-06-02,16.83,17.535,16.46,17.48,0
2008-06-09,17.48,17.63,16.26,16.52,0
2008-06-16,16.52,17.73,16.43,17.32,0
2008-06-23,17.32,17.642,16.525,17.5,0
2008-06-30,17.5,18.47,16.975,18.05,0
2008-07-07,18.05,18.875,17.49,18.79,0
2008-07-14,18.79,19.46,18.08,18.11,0
2008-07-21,18.11,18.68,17.04,17.37,0
2008-07-28,17.37,17.91,16.84,17.43,0
2008-08-04,17.43,17.62,15.26,15.26,0
2008-08-11,15.26,15.44,12.305,12.69,0
2008-08-18,12.69,13.95,12.465,13.32,0
2008-08-25,13.32,14.03,13.005,13.58,0
2008-09-01,13.58,13.81,12.09,12.22,0
2008-09-08,12.22,12.73,10.28,10.83,0
2008-09-15,10.83,13.01,10.41,12.55,0
2008-09-22,12.55,13.78,12.52,13.29,0
2008-09-29,13.29,13.39,10.79,11.09,0
2008-10-06,11.09,12.32,9.42,10.14,0
2008-10-13,10.14,11.16,9.132,9.37,0
2008-10-20,9.37,10.2,8.667,9.3,0
2008-10-27,9.3,10.607,8.453,9.81,0
2008-11-03,9.81,10.797,9.72,10.02,0
2008-11-10,10,10.555,8.832,9.497,0
2008-11-17,9.52,9.852,8.857,9.61,0
2008-11-24,9.62,10.68,9.51,10.25,0
2008-12-01,10.25,10.33,9.175,9.45,0
2008-12-08,9.507,10.53,9.49,10.23,0
2008-12-15,10.23,11.595,10.23,10.81,0
2008-12-22,10.81,11.07,10.14,10.65,0
2008-12-29,10.65,11.575,10.65,11.53,0
2009-01-05,11.53,11.747,10.592,11.22,0
2009-01-12,11.22,11.292,10.367,11.22,0
2009-01-20,11.13,12.092,10.932,11.92,0
2009-01-26,11.96,12.663,11.67,12.645,0
2009-02-02,12.63,13.203,12.188,13.06,0
2009-02-09,13.07,13.75,12.78,13.68,0
2009-02-17,13.597,14.61,13.58,14.43,0
2009-02-23,14.41,14.627,12.86,13.097,0
2009-03-02,13.08,13.53,12.46,13.32,0
2009-03-09,13.32,13.41,12.48,13.17,0
2009-03-16,13.17,13.855,11.922,13.72,0
2009-03-23,13.72,13.9,13.002,13.27,0
2009-03-30,13.27,13.36,12.602,12.71,0
2009-04-06,12.71,12.812,12.07,12.3,0
2009-04-13,12.34,12.94,11.83,11.84,0
2009-04-20,11.84,12.943,11.84,12.84,0
2009-04-27,12.84,13.225,12.07,12.46,0
2009-05-04,12.45,14.15,12.45,13.98,0
2009-05-11,13.98,14.38,13.708,13.93,0
2009-05-18,13.93,14.84,13.653,14.63,0
2009-05-26,14.71,15.76,14.32,15.74,0
2009-06-01,15.74,16.232,15.09,15.24,0
2009-06-08,15.24,15.532,14.74,14.79,0
2009-06-15,14.79,14.88,13.97,14.19,0
2009-06-22,14.19,14.323,13.64,14.07,0
2009-06-29,14.07,14.285,13.32,13.38,0
2009-07-06,13.39,13.447,12.55,12.66,0
2009-07-13,12.66,13.472,12.46,13.39,0
2009-07-20,13.39,13.9,13.39,13.86,0
2009-07-27,13.86,14.1,13.207,13.89,0
2009-08-03,13.89,15.035,13.89,14.59,0
2009-08-10,14.59,15.19,14.15,14.68,0
2009-08-17,14.68,14.72,13.53,14.15,0
2009-08-24,14.15,14.865,14.085,14.74,0
2009-08-31,14.74,16.355,14.55,16.2,0
2009-09-08,16.317,16.977,16.058,16.74,0
2009-09-14,16.74,17.66,16.32,16.96,0
2009-09-21,16.96,17.3,15.952,16,0
2009-09-28,16,16.75,15.767,16.12,0
2009-10-05,16.12,17.915,16.03,17.67,0
2009-10-12,17.67,18.09,17.22,17.41,0
2009-10-19,17.41,17.94,17.28,17.66,0
2009-10-26,17.66,17.765,16.077,16.27,0
2009-11-02,16.27,17.605,16.26,17.35,0
2009-11-09,17.35,17.77,17.04,17.43,0
2009-11-16,17.41,18.83,17.41,18.475,0
2009-11-23,18.46,18.93,17.68,18.25,0
2009-11-30,18.25,19.46,18.13,18.495,0
2009-12-07,18.48,18.54,16.917,17.14,0
2009-12-14,17.14,17.78,17.08,17.25,0
2009-12-21,17.25,17.48,16.778,17.43,0
2009-12-28,17.5,17.635,16.77,16.85,0
2010-01-04,16.84,18.48,16.84,18.455,0
2010-01-11,18.45,18.89,18.163,18.36,0
2010-01-19,18.61,18.84,16.895,17.015,0
2010-01-25,16.99,17.255,16.032,16.185,0
2010-02-01,16.19,16.935,14.662,15.15,0
2010-02-08,15.15,15.73,14.96,15.48,0
2010-02-16,15.537,16.495,15.515,16.26,0
2010-02-22,16.297,16.55,15.64,16.449,0
2010-03-01,16.45,17.49,16.34,17.33,0
2010-03-08,17.35,17.635,16.83,17.04,0
2010-03-15,17.05,17.583,16.93,16.93,0
2010-03-22,16.93,17.128,16.525,16.85,0
2010-03-29,16.85,17.985,16.85,17.88,0
2010-04-05,17.87,18.425,17.78,18.34,0
2010-04-12,18.34,18.6,17.637,17.67,0
2010-04-19,17.6,18.32,17.507,18.29,0
2010-04-26,18.29,18.752,17.83,18.59,0
2010-05-03,18.59,18.862,17.083,18.32,0
2010-05-10,18.32,19.807,18.212,19.25,0
2010-05-17,19.25,19.39,17.44,17.59,0
2010-05-24,17.59,18.63,17.547,18.35,0
2010-06-01,18.49,18.708,17.312,17.37,0
2010-06-07,17.37,18.52,17.22,18.18,0
2010-06-14,18.18,19.263,18.18,19.165,0
2010-06-21,19.12,19.452,18.202,19.03,0
2010-06-28,19.03,19.23,17.64,17.82,0
2010-07-06,17.792,18.212,17.577,18.04,0
2010-07-12,17.885,18.53,17.746,17.858,0
2010-07-19,17.77,18.272,17.46,18.098,0
2010-07-26,18.08,18.255,17.346,17.983,0
2010-08-02,17.96,18.69,17.96,18.458,0
2010-08-09,18.4,18.57,17.79,18.015,0
2010-08-16,18.09,18.63,17.866,18.008,0
2010-08-23,17.98,19.326,17.757,19.073,0
2010-08-30,19.02,19.936,18.78,19.813,0
2010-09-07,19.908,20.14,19.554,19.873,0
2010-09-13,19.78,20.988,19.78,20.737,0
2010-09-20,20.76,21.46,20.515,21.445,0
2010-09-27,21.41,22.145,21.036,21.97,0
2010-10-04,21.97,23.513,21.81,23.198,0
2010-10-11,23.19,24.91,22.942,24.308,0
2010-10-18,24.26,24.495,22.846,23.273,0
2010-10-25,23.24,24.743,23.169,24.743,0
2010-11-01,24.7,26.916,23.955,26.724,0
2010-11-08,26.73,29.36,25.785,26.04,0
2010-11-15,26.07,27.398,25.01,27.293,0
2010-11-22,27.265,27.923,26.445,26.668,0
2010-11-29,26.668,29.393,26.485,29.393,0
2010-12-06,29.38,30.698,27.995,28.645,0
2010-12-13,28.66,29.95,28.333,29.105,0
2010-12-20,29.123,29.565,28.787,29.285,0
2010-12-27,29.21,30.933,28.8,30.86,0
2011-01-03,30.86,31.245,28.34,28.635,0
2011-01-10,28.64,29.82,28.117,28.44,0
2011-01-18,28.26,29.49,27.125,27.48,0
2011-01-24,27.47,28.045,26.412,27.951,0
2011-01-31,27.961,29.305,27.565,29.108,0
2011-02-07,29.11,30.52,29.047,29.908,0
2011-02-14,29.89,32.88,29.835,32.643,0
2011-02-22,33.85,34.33,31.745,33.398,0
2011-02-28,33.35,35.618,33.297,35.613,0
2011-03-07,35.59,36.74,34.067,35.898,0
2011-03-14,35.87,36.49,33.577,35.248,0
2011-03-21,35.21,38.168,35.13,37.333,0
2011-03-28,37.29,37.953,36.443,37.798,0
2011-04-04,37.68,40.953,37.68,40.84,0
2011-04-11,40.84,43.01,39.715,42.983,0
2011-04-18,42.99,46.673,42.217,46.5,0
2011-04-25,47.221,49.831,44.599,47.912,0
2011-05-02,47.912,48.15,33.105,35.58,0
2011-05-09,35.58,39.493,32.352,35.358,0
2011-05-16,35.358,35.763,33.018,35.028,0
2011-05-23,35.028,38.858,34.392,37.979,0
2011-05-31,38.095,38.773,35.12,36.203,0
2011-06-06,36.203,37.858,36.074,36.133,0
2011-06-13,36.133,36.303,34.435,35.823,0
2011-06-20,35.823,36.768,34.135,34.28,0
2011-06-27,34.28,35.128,33.276,33.799,0
2011-07-05,34.077,36.863,33.88,36.616,0
2011-07-11,36.616,39.364,34.812,39.226,0
2011-07-18,39.226,40.936,38.215,40.01,0
2011-07-25,40.01,41.444,39.327,39.817,0
2011-08-01,39.817,42.248,37.552,38.239,0
2011-08-08,38.239,40.38,36.987,38.992,0
2011-08-15,38.992,42.93,38.722,42.863,0
2011-08-22,42.85,44.223,38.763,41.364,0
2011-08-29,41.364,43.38,40.269,43.182,0
2011-09-06,42.84,43.253,40.432,41.281,0
2011-09-12,41.281,41.48,39.347,40.615,0
2011-09-19,40.615,40.84,29.855,30.915,0
2011-09-26,30.915,33.518,26.1,29.911,0
2011-10-03,29.911,32.813,28.45,31.144,0
2011-10-10,31.144,33.049,31.13,32.172,0
2011-10-17,32.11,32.66,29.967,31.358,0
2011-10-24,31.29,35.678,31.217,35.298,0
2011-10-31,35.23,35.453,32.141,34.133,0
2011-11-07,34.06,35.328,33.153,34.625,0
2011-11-14,34.66,34.893,30.919,32.31,0
2011-11-21,32.31,33.048,30.693,31.18,0
2011-11-28,31.185,33.675,31.132,32.529,0
2011-12-05,32.535,33.223,31.393,32.156,0
2011-12-12,32.16,32.25,28.142,29.687,0
2011-12-19,29.66,30.2,28.66,29.072,0
2011-12-27,29.071,29.2,26.193,27.86,0
2012-01-03,27.83,29.749,27.83,28.718,0
2012-01-09,28.71,30.674,28.619,29.684,0
2012-01-17,29.973,32.247,29.781,32.247,0
2012-01-23,32.14,33.942,31.56,33.854,0
2012-01-30,33.8,34.395,32.97,33.592,0
2012-02-06,33.58,34.513,33.004,33.517,0
2012-02-13,33.48,34.03,32.662,33.208,0
2012-02-21,33.47,35.72,33.412,35.337,0
2012-02-27,35.34,37.499,33.91,34.77,0
2012-03-05,34.75,34.91,32.487,34.27,0
2012-03-12,34.252,34.38,31.595,32.48,0
2012-03-19,32.486,33.077,31.114,32.21,0
2012-03-26,32.21,33.19,31.66,32.243,0
2012-04-02,32.23,33.29,31.016,31.72,0
2012-04-09,31.72,32.58,31.185,31.5,0
2012-04-16,31.5,32.04,31.2,31.642,0
2012-04-23,31.66,31.703,30.001,31.213,0
2012-04-30,31.24,31.41,29.79,30.35,0
2012-05-07,30.322,30.375,28.48,28.87,0
2012-05-14,28.87,29,26.79,28.68,0
2012-05-21,28.73,28.87,27.147,28.49,0
2012-05-29,28.415,28.7,27.245,28.51,0
2012-06-04,28.51,29.89,27.98,28.449,0
2012-06-11,28.48,29.118,28.224,28.66,0
2012-06-18,28.66,29.02,26.62,26.86,0
2012-06-25,26.88,27.93,26.147,27.47,0
2012-07-02,27.47,28.45,26.967,27.08,0
2012-07-09,27.08,27.58,26.495,27.31,0
2012-07-16,27.31,27.623,26.828,27.29,0
2012-07-23,27.29,27.859,26.65,27.72,0
2012-07-30,27.72,28.38,27.02,27.69,0
2012-08-06,27.79,28.326,27.637,28.089,0
2012-08-13,28.1,28.337,27.527,28.049,0
2012-08-20,28.06,30.82,27.961,30.78,0
2012-08-27,30.78,31.753,30.24,31.7,0
2012-09-04,32.075,33.716,31.941,33.66,0
2012-09-10,33.66,34.95,32.494,34.628,0
2012-09-17,34.65,35.19,33.835,34.49,0
2012-09-24,34.53,34.87,33.358,34.48,0
2012-10-01,34.48,35.4,34.189,34.49,0
2012-10-08,34.49,34.57,33.44,33.44,0
2012-10-15,33.44,33.44,31.943,32.05,0
2012-10-22,32.05,32.47,31.538,32.06,0
2012-10-29,32.06,32.664,30.827,30.89,0
2012-11-05,30.89,32.782,30.673,32.566,0
2012-11-12,32.57,32.936,32.047,32.287,0
2012-11-19,32.31,34.16,32.28,34.039,0
2012-11-26,34.12,34.406,32.928,33.39,0
2012-12-03,33.4,33.85,32.541,33.039,0
2012-12-10,33.05,33.791,32.205,32.25,0
2012-12-17,32.25,32.53,29.614,29.977,0
2012-12-24,29.99,30.488,29.709,29.984,0
2012-12-31,29.984,31.491,29.236,30.179,0
2013-01-07,30.179,30.94,29.874,30.424,0
2013-01-14,30.424,32.14,30.4,31.84,0
2013-01-22,32.22,32.47,31.136,31.144,0
2013-01-28,31.126,32.265,30.752,31.799,0
2013-02-04,31.773,32.12,31.304,31.38,0
2013-02-11,31.356,31.54,29.706,29.769,0
2013-02-19,29.865,30.15,28.297,28.697,0
2013-02-25,28.671,29.46,27.971,28.562,0
2013-03-04,28.54,29.26,28.37,28.962,0
2013-03-11,28.927,29.37,28.579,28.74,0
2013-03-18,28.719,29.331,28.56,28.69,0
2013-03-25,28.605,28.91,28.147,28.279,0
2013-04-01,28.236,28.377,26.664,27.3,0
2013-04-08,27.283,28.07,25.9,25.9,0
2013-04-15,25.83,26.1,22.06,23.25,0
2013-04-22,23.239,24.83,22.64,23.961,0
2013-04-29,23.914,24.59,23.279,24.08,0
2013-05-06,24.124,24.431,23.21,23.82,0
2013-05-13,23.805,23.86,22.144,22.25,0
2013-05-20,22.289,23.302,20.303,22.36,0
2013-05-28,22.62,23.11,22.195,22.21,0
2013-06-03,22.139,22.961,21.605,21.66,0
2013-06-10,21.603,22.544,21.428,22.06,0
2013-06-17,22.111,22.112,19.41,20.08,0
2013-06-24,20.058,20.23,18.237,19.63,0
2013-07-01,19.461,20.1,18.73,18.87,0
2013-07-08,18.836,20.28,18.738,19.86,0
2013-07-15,19.851,20.17,19.231,19.48,0
2013-07-22,19.48,20.6,19.48,19.95,0
2013-07-29,19.94,20.29,19.228,19.85,0
2013-08-05,19.84,20.571,19.175,20.514,0
2013-08-12,20.726,23.414,20.679,23.2,0
2013-08-19,23.19,24.1,22.322,24.042,0
2013-08-26,24.024,25.115,23.4,23.48,0
2013-09-03,24.17,24.484,23.03,23.82,0
2013-09-09,23.755,24.09,21.411,22.2,0
2013-09-16,22.362,23.41,21.215,21.75,0
2013-09-23,21.751,22.119,21.307,21.72,0
2013-09-30,21.928,22.06,20.63,21.7,0
2013-10-07,21.701,22.487,20.974,21.28,0
2013-10-14,21.306,22.181,20.515,21.88,0
2013-10-21,21.896,22.867,21.85,22.54,0
2013-10-28,22.511,23.084,21.714,21.82,0
2013-11-04,21.815,22.065,21.281,21.486,0
2013-11-11,21.434,21.46,20.456,20.77,0
2013-11-18,20.776,20.81,19.74,19.85,0
2013-11-25,19.843,20.31,19.604,19.941,0
2013-12-02,19.941,19.973,18.908,19.488,0
2013-12-09,19.491,20.479,19.313,19.675,0
2013-12-16,19.686,20.3,19.143,19.379,0
2013-12-23,19.38,20.115,19.3,20.044,0
2013-12-30,20.051,20.43,18.693,20.129,0
2014-01-06,20.117,20.35,19.33,20.124,0
2014-01-13,20.134,20.605,19.952,20.282,0
2014-01-21,20.305,20.33,19.66,19.894,0
2014-01-27,19.922,20.084,19.018,19.149,0
2014-02-03,19.154,20.25,19.09,19.98,0
2014-02-10,20.001,21.468,19.946,21.454,0
2014-02-18,21.635,21.97,21.33,21.819,0
2014-02-24,21.819,22.175,21.005,21.137,0
2014-03-03,21.202,21.716,20.768,20.884,0
2014-03-10,20.855,21.776,20.62,21.43,0
2014-03-17,21.424,21.63,20.154,20.25,0
2014-03-24,20.27,20.295,19.587,19.79,0
2014-03-31,19.802,20.228,19.652,19.92,0
2014-04-07,19.933,20.388,19.626,19.95,0
2014-04-14,19.965,20.145,19.245,19.615,0
2014-04-21,19.6,19.91,18.957,19.69,0
2014-04-28,19.705,19.755,18.825,19.44,0
2014-05-05,19.47,19.754,19.058,19.13,0
2014-05-12,19.136,19.989,19.05,19.35,0
2014-05-19,19.35,19.814,19.255,19.44,0
2014-05-27,19.4,19.443,18.645,18.78,0
2014-06-02,18.78,19.205,18.68,19.01,0
2014-06-09,19.01,19.728,18.999,19.67,0
2014-06-16,19.67,20.985,19.475,20.86,0
2014-06-23,20.86,21.198,20.715,20.91,0
2014-06-30,20.91,21.282,20.78,21.09,0
2014-07-07,21.14,21.57,20.838,21.41,0
2014-07-14,21.41,21.46,20.38,20.84,0
2014-07-21,20.84,21.105,20.26,20.7,0
2014-07-28,20.7,20.81,20.271,20.29,0
2014-08-04,20.29,20.46,19.74,19.86,0
2014-08-11,19.86,20.147,19.53,19.54,0
2014-08-18,19.54,19.715,19.325,19.41,0
2014-08-25,19.41,19.893,19.31,19.45,0
2014-09-02,19.46,19.505,19.015,19.19,0
2014-09-08,19.19,19.33,18.476,18.62,0
2014-09-15,18.62,18.881,17.81,17.81,0
2014-09-22,17.81,18.002,17.358,17.63,0
2014-09-29,17.63,17.645,16.741,16.82,0
2014-10-06,16.82,17.72,16.686,17.37,0
2014-10-13,17.37,17.808,17.045,17.25,0
2014-10-20,17.25,17.66,17.057,17.17,0
2014-10-27,17.17,17.41,15.779,16.13,0
2014-11-03,16.13,16.23,15.078,15.759,0
2014-11-10,15.759,16.392,15.288,16.279,0
2014-11-17,16.283,16.623,15.911,16.428,0
2014-11-24,16.419,16.725,15.43,15.43,0
2014-12-01,15.43,16.791,14.153,16.277,0
2014-12-08,16.271,17.314,16.165,17.014,0
2014-12-15,17.005,17.05,15.541,16.052,0
2014-12-22,16.068,16.31,15.538,16.053,0
2014-12-29,16.05,16.474,15.544,15.721,0
2015-01-05,15.711,16.7,15.65,16.465,0
2015-01-12,16.485,17.829,16.435,17.769,0
2015-01-20,17.679,18.48,17.633,18.268,0
2015-01-26,18.264,18.47,16.757,17.219,0
2015-02-02,17.23,17.74,16.571,16.712,0
2015-02-09,16.712,17.447,16.641,17.339,0
2015-02-17,17.289,17.34,16.205,16.228,0
2015-02-23,16.228,16.896,16.11,16.563,0
2015-03-02,16.566,16.79,15.781,15.888,0
2015-03-09,15.888,15.983,15.301,15.639,0
2015-03-16,15.639,16.903,15.399,16.729,0
2015-03-23,16.729,17.405,16.636,16.939,0
2015-03-30,16.939,17.09,16.46,16.759,0
2015-04-06,16.759,17.323,16.146,16.459,0
2015-04-13,16.459,16.533,16.008,16.249,0
2015-04-20,16.249,16.38,15.617,15.719,0
2015-04-27,15.719,16.728,15.719,16.129,0
2015-05-04,16.129,16.763,16.129,16.439,0
2015-05-11,16.439,17.578,16.162,17.469,0
2015-05-18,17.469,17.772,16.892,17.079,0
2015-05-26,17.099,17.14,16.563,16.729,0
2015-06-01,16.729,17.176,15.999,16.099,0
2015-06-08,16.099,16.244,15.842,15.939,0
2015-06-15,15.939,16.465,15.877,16.079,0
2015-06-22,16.079,16.27,15.549,15.799,0
2015-06-29,15.799,16.054,15.504,15.679,0
2015-07-06,15.689,15.862,14.697,15.559,0
2015-07-13,15.559,15.904,14.849,14.849,0
2015-07-20,14.849,15.022,14.39,14.64,0
2015-07-27,14.639,15,14.513,14.769,0
2015-08-03,14.769,15.028,14.398,14.809,0
2015-08-10,14.809,15.62,14.758,15.219,0
2015-08-17,15.219,15.66,14.738,15.309,0
2015-08-24,15.309,15.412,13.989,14.579,0
2015-08-31,14.579,14.965,14.426,14.559,0
2015-09-08,14.481,14.945,14.303,14.599,0
2015-09-14,14.599,15.431,14.3,15.149,0
2015-09-21,15.149,15.262,14.727,15.099,0
2015-09-28,15.099,15.313,14.408,15.225,0
2015-10-05,15.229,16.118,15.129,15.829,0
2015-10-12,15.829,16.198,15.645,16.029,0
2015-10-19,16.029,16.093,15.644,15.819,0
2015-10-26,15.819,16.357,15.5,15.539,0
2015-11-02,15.539,15.561,14.734,14.776,0
2015-11-09,14.766,14.799,14.197,14.241,0
2015-11-16,14.245,14.456,14.052,14.178,0
2015-11-23,14.168,14.307,13.923,14.079,0
2015-11-30,14.079,14.616,13.845,14.537,0
2015-12-07,14.527,14.641,13.784,13.909,0
2015-12-14,13.909,14.32,13.653,14.069,0
2015-12-21,14.064,14.401,14.064,14.359,0
2015-12-28,14.359,14.419,13.793,13.839,0
2016-01-04,13.849,14.384,13.839,13.933,0
2016-01-11,13.927,14.198,13.755,13.915,0
2016-01-19,13.919,14.34,13.894,13.994,0
2016-01-25,14.007,14.567,14.007,14.23,0
2016-02-01,14.24,15.049,14.212,14.964,0
2016-02-08,14.964,15.949,14.898,15.733,0
2016-02-16,15.295,15.548,15.149,15.334,0
2016-02-22,15.325,15.578,14.675,14.675,0
2016-02-29,14.69,15.794,14.624,15.49,0
2016-03-07,15.503,15.794,15.158,15.457,0
2016-03-14,15.457,16.135,15.196,15.779,0
2016-03-21,15.779,16.003,15.154,15.189,0
2016-03-28,15.169,15.528,14.795,15.028,0
2016-04-04,15.029,15.383,14.889,15.335,0
2016-04-11,15.339,16.37,15.339,16.207,0
2016-04-18,16.209,17.693,16.12,16.951,0
2016-04-25,16.949,17.957,16.811,17.809,0
2016-05-02,17.809,18.009,17.183,17.469,0
2016-05-09,17.469,17.577,16.853,17.09,0
2016-05-16,17.089,17.389,16.343,16.515,0
2016-05-23,16.519,16.563,16.142,16.199,0
2016-05-31,15.994,16.45,15.827,16.379,0
2016-06-06,16.379,17.371,16.248,17.329,0
2016-06-13,17.329,17.858,17.113,17.459,0
2016-06-20,17.459,18.317,17.12,17.729,0
2016-06-27,17.729,19.893,17.54,19.762,0
2016-07-05,20.298,20.507,19.234,20.238,0
2016-07-11,20.239,20.678,19.906,20.185,0
2016-07-18,20.179,20.226,19.228,19.619,0
2016-07-25,19.619,20.513,19.313,20.299,0
2016-08-01,20.299,20.779,19.684,19.684,0
2016-08-08,19.679,20.486,19.52,19.709,0
2016-08-15,19.709,20.107,19.244,19.276,0
2016-08-22,19.279,19.299,18.489,18.649,0
2016-08-29,18.649,19.438,18.398,19.424,0
2016-09-06,19.489,20.129,19.019,19.019,0
2016-09-12,19.019,19.283,18.673,18.761,0
2016-09-19,18.759,20.064,18.759,19.654,0
2016-09-26,19.649,19.743,18.927,19.146,0
2016-10-03,19.149,19.315,17.11,17.496,0
2016-10-10,17.499,17.824,17.321,17.399,0
2016-10-17,17.399,17.772,17.356,17.519,0
2016-10-24,17.519,17.905,17.474,17.748,0
2016-10-31,17.749,18.738,17.749,18.41,0
2016-11-07,18.409,18.995,17.204,17.349,0
2016-11-14,17.346,17.509,16.447,16.542,0
2016-11-21,16.54,16.888,16.179,16.519,0
2016-11-28,16.519,16.857,16.267,16.729,0
2016-12-05,16.71,17.235,16.5,16.842,0
2016-12-12,16.86,17.215,15.888,16.074,0
2016-12-19,16.075,16.21,15.64,15.72,0
2016-12-27,15.709,16.268,15.709,15.878,0
2017-01-03,15.889,16.715,15.889,16.468,0
2017-01-09,16.464,16.983,16.429,16.808,0
2017-01-17,16.789,17.329,16.747,17.073,0
2017-01-23,17.061,17.282,16.645,17.132,0
2017-01-30,17.1,17.732,17.07,17.499,0
2017-02-06,17.489,18.006,17.467,17.935,0
2017-02-13,17.928,18.138,17.754,17.979,0
2017-02-21,18.039,18.407,17.845,18.345,0
2017-02-27,18.345,18.485,17.643,17.965,0
2017-03-06,17.954,17.962,16.85,17.027,0
2017-03-13,17.018,17.563,16.839,17.389,0
2017-03-20,17.389,17.776,17.338,17.743,0
2017-03-27,17.739,18.294,17.739,18.249,0
2017-04-03,18.249,18.472,17.879,17.96,0
2017-04-10,17.959,18.6,17.758,18.489,0
2017-04-17,18.519,18.647,17.825,17.909,0
2017-04-24,17.909,18.004,17.176,17.186,0
2017-05-01,17.189,17.263,16.219,16.299,0
2017-05-08,16.319,16.483,16.07,16.439,0
2017-05-15,16.439,17.034,16.435,16.835,0
2017-05-22,16.843,17.387,16.843,17.335,0
2017-05-30,17.4,17.58,17.018,17.55,0
2017-06-05,17.53,17.748,17.159,17.159,0
2017-06-12,17.159,17.374,16.659,16.659,0
2017-06-19,16.681,16.791,16.369,16.68,0
2017-06-26,16.679,16.896,16.279,16.582,0
2017-07-03,16.603,16.645,14.39,15.562,0
2017-07-10,15.582,16.083,15.194,15.96,0
2017-07-17,15.959,16.522,15.959,16.47,0
2017-07-24,16.505,16.817,16.255,16.707,0
2017-07-31,16.698,16.936,16.205,16.249,0
2017-08-07,16.249,17.243,16.135,17.068,0
2017-08-14,17.089,17.316,16.585,16.949,0
2017-08-21,16.949,17.182,16.741,17.035,0
2017-08-28,17.039,17.747,17.037,17.699,0
2017-09-05,17.859,18.21,17.792,17.922,0
2017-09-11,17.953,17.986,17.569,17.569,0
2017-09-18,17.569,17.619,16.842,16.969,0
2017-09-25,16.969,17.244,16.62,16.62,0
2017-10-02,16.619,16.886,16.338,16.799,0
2017-10-09,16.799,17.412,16.799,17.37,0
2017-10-16,17.397,17.466,16.917,16.979,0
2017-10-23,17.028,17.141,16.612,16.816,0
2017-10-30,16.838,17.24,16.648,16.815,0
2017-11-06,16.819,17.26,16.805,16.86,0
2017-11-13,16.833,17.381,16.833,17.275,0
2017-11-20,17.261,17.302,16.852,17.019,0
2017-11-27,17.019,17.194,16.25,16.405,0
2017-12-04,16.396,16.428,15.652,15.83,0
2017-12-11,15.818,16.148,15.626,16.02,0
2017-12-18,16.025,16.421,16.021,16.358,0
2017-12-26,16.369,17.11,16.31,16.9,0
2018-01-02,16.915,17.282,16.915,17.185,0
2018-01-08,17.178,17.28,16.879,17.2,0
2018-01-16,17.339,17.368,16.805,16.995,0
2018-01-22,17.001,17.698,16.757,17.37,0
2018-01-29,17.353,17.478,16.559,16.559,0
2018-02-05,16.569,16.985,16.198,16.319,0
2018-02-12,16.319,16.976,16.319,16.629,0
2018-02-20,16.659,16.768,16.399,16.499,0
2018-02-26,16.499,16.763,16.172,16.463,0
2018-03-05,16.473,16.863,16.353,16.544,0
2018-03-12,16.545,16.662,16.223,16.328,0
2018-03-19,16.321,16.667,16.131,16.548,0
2018-03-26,16.544,16.801,16.229,16.332,0
2018-04-02,16.344,16.675,16.195,16.371,0
2018-04-09,16.363,16.871,16.332,16.606,0
2018-04-16,16.631,17.355,16.564,17.098,0
2018-04-23,17.103,17.127,16.434,16.47,0
2018-04-30,16.503,16.583,16.062,16.504,0
2018-05-07,16.509,16.828,16.325,16.619,0
2018-05-14,16.648,16.732,16.195,16.425,0
2018-05-21,16.429,16.713,16.282,16.47,0
2018-05-29,16.463,16.591,16.325,16.384,0
2018-06-04,16.386,16.898,16.37,16.754,0
2018-06-11,16.764,17.315,16.468,16.518,0
2018-06-18,16.539,16.625,16.205,16.409,0
2018-06-25,16.438,16.486,15.924,16.101,0
2018-07-02,16.088,16.123,15.77,15.997,0
2018-07-09,16.017,16.212,15.69,15.772,0
2018-07-16,15.794,15.875,15.178,15.495,0
2018-07-23,15.495,15.666,15.327,15.457,0
2018-07-30,15.485,15.609,15.244,15.379,0
2018-08-06,15.394,15.509,15.27,15.288,0
2018-08-13,15.298,15.34,14.336,14.786,0
2018-08-20,14.784,14.875,14.465,14.788,0
2018-08-27,14.797,14.998,14.492,14.526,0
2018-09-04,14.462,14.513,14.007,14.134,0
2018-09-10,14.155,14.35,13.94,14.032,0
2018-09-17,14.042,14.43,14.042,14.289,0
2018-09-24,14.272,14.716,14.186,14.624,0
2018-10-01,14.618,14.91,14.372,14.618,0
2018-10-08,14.623,14.703,14.241,14.569,0
2018-10-15,14.57,14.845,14.454,14.595,0
2018-10-22,14.61,14.807,14.516,14.675,0
2018-10-29,14.68,14.912,14.21,14.733,0
2018-11-05,14.71,14.766,14.106,14.128,0
2018-11-12,14.13,14.422,13.898,14.377,0
2018-11-19,14.375,14.553,14.191,14.241,0
2018-11-26,14.248,14.439,14.052,14.153,0
2018-12-03,14.15,14.663,14.15,14.586,0
2018-12-10,14.592,14.804,14.479,14.545,0
2018-12-17,14.55,14.841,14.549,14.605,0
2018-12-24,14.6,15.394,14.6,15.352,0
2018-12-31,15.36,15.869,15.327,15.67,0
2019-01-07,15.671,15.814,15.504,15.569,0
2019-01-14,15.589,15.695,15.307,15.307,0
2019-01-22,15.253,15.754,15.181,15.722,0
2019-01-28,15.737,16.185,15.606,15.858,0
2019-02-04,15.876,15.928,15.635,15.808,0
2019-02-11,15.805,15.839,15.496,15.747,0
2019-02-19,15.793,16.213,15.743,15.883,0
2019-02-25,15.892,16.004,15.143,15.185,0
2019-03-04,15.183,15.369,14.98,15.298,0
2019-03-11,15.308,15.535,15.137,15.265,0
2019-03-18,15.26,15.636,15.223,15.43,0
2019-03-25,15.413,15.583,14.974,15.107,0
2019-04-01,15.118,15.215,14.901,15.08,0
2019-04-08,15.08,15.341,14.903,14.943,0
2019-04-15,14.963,15.098,14.852,14.98,0
2019-04-22,14.983,15.08,14.752,15.053,0
2019-04-29,15.053,15.075,14.567,14.907,0
2019-05-06,14.908,14.971,14.697,14.75,0
2019-05-13,14.761,14.856,14.379,14.379,0
2019-05-20,14.383,14.645,14.377,14.536,0
2019-05-28,14.571,14.684,14.295,14.549,0
2019-06-03,14.55,15.148,14.55,14.986,0
2019-06-10,15.001,15.119,14.646,14.855,0
2019-06-17,14.847,15.553,14.777,15.33,0
2019-06-24,15.321,15.514,15.162,15.288,0
2019-07-01,15.293,15.464,14.895,14.97,0
2019-07-08,14.976,15.319,14.947,15.201,0
2019-07-15,15.197,16.588,15.164,16.196,0
2019-07-22,16.19,16.652,16.177,16.363,0
2019-07-29,16.362,16.609,15.924,16.188,0
2019-08-05,16.185,17.246,16.122,16.956,0
2019-08-12,16.953,17.508,16.541,17.099,0
2019-08-19,17.099,17.48,16.853,17.39,0
2019-08-26,17.394,18.651,17.394,18.35,0
2019-09-03,18.486,19.647,17.97,18.16,0
2019-09-09,18.157,18.467,17.399,17.431,0
2019-09-16,17.416,18.089,17.416,17.96,0
2019-09-23,17.965,18.74,17.301,17.53,0
2019-09-30,17.53,17.794,16.896,17.542,0
2019-10-07,17.52,17.954,17.279,17.53,0
2019-10-14,17.543,17.732,17.166,17.52,0
2019-10-21,17.526,18.328,17.432,18,0
2019-10-28,18.02,18.171,17.591,18.08,0
2019-11-04,18.091,18.218,16.698,16.754,0
2019-11-11,16.77,17.102,16.648,16.932,0
2019-11-18,16.94,17.231,16.75,16.969,0
2019-11-25,16.977,17.111,16.82,17.007,0
2019-12-02,16.99,17.297,16.53,16.536,0
2019-12-09,16.55,17.118,16.527,16.931,0
2019-12-16,16.92,17.253,16.884,17.169,0
2019-12-23,17.18,18.053,17.177,17.746,0
2019-12-30,17.73,18.269,17.73,18.027,0
2020-01-06,18.031,18.853,17.808,18.1,0
2020-01-13,18.086,18.169,17.688,18.003,0
2020-01-21,18.064,18.15,17.605,18.091,0
2020-01-27,18.09,18.35,17.386,18.004,0
2020-02-03,18.02,18.118,17.486,17.69,0
2020-02-10,17.6855,17.837,17.45,17.7345,0
2020-02-18,17.7765,18.6305,17.7765,18.4765,0
2020-02-24,18.4765,18.9435,16.3935,16.6645,0
2020-03-02,16.6645,17.572,16.4405,17.3445,0
2020-03-09,17.3445,17.5935,14.4455,14.7455,0
2020-03-16,14.7455,15.2343,11.6391,12.6125,0
2020-03-23,12.6,14.7143,12.2855,14.43,0
2020-03-30,14.4375,14.5499,13.8155,14.3875,0
2020-04-06,14.373,15.55,14.2355,15.4035,0
2020-04-13,15.4035,15.8425,15.0303,15.1865,0
2020-04-20,15.156,15.443,14.5415,15.2045,0
2020-04-27,15.22,15.498,14.66,14.9345,0
2020-05-04,14.93,15.629,14.7035,15.4585,0
2020-05-11,15.45,16.72,15.2785,16.6065,0
2020-05-18,16.61,17.629,16.61,17.1815,0
2020-05-26,17.096,17.909,16.8505,17.8515,0
2020-06-01,17.854,18.382,17.2165,17.4205,0
2020-06-08,17.413,18.193,17.3075,17.4755,0
2020-06-15,17.46,17.807,16.9555,17.59,0
2020-06-22,17.59,18.073,17.3809,17.7495,0
2020-06-29,17.7495,18.444,17.6855,17.9245,0
2020-07-06,18.02,19.038,17.9435,18.7015,0
2020-07-13,18.69,19.477,18.69,19.3245,0
2020-07-20,19.31,23.251,19.2495,22.76,0
2020-07-27,22.76,26.1978,22.299,24.3405,0
2020-08-03,24.41,29.863,24.0085,28.27,0
2020-08-10,28.27,29.4038,23.4025,26.4135,0
2020-08-17,26.41,28.4635,25.8145,26.7295,0
2020-08-24,26.732,27.922,26.0615,27.482,0
2020-08-31,27.47,28.902,26.309,26.8955,0
2020-09-08,26.8826,27.486,25.8395,26.7165,0
2020-09-14,26.72,27.6202,26.3054,26.763,0
2020-09-21,26.763,26.968,21.6654,22.8775,0
2020-09-28,22.883,24.402,22.5165,23.6965,0
2020-10-05,23.7,25.179,22.8905,25.1158,0
2020-10-12,25.1305,25.565,23.578,24.1325,0
2020-10-19,24.124,25.283,24.1145,24.5975,0
2020-10-26,24.5975,24.6558,22.584,23.6415,0
2020-11-02,23.6305,25.84,23.2395,25.6165,0
2020-11-09,25.6165,26.002,23.579,24.633,0
2020-11-16,24.6585,25.0685,23.6385,24.1525,0
2020-11-23,24.1525,24.39,22.3395,22.6785,0
2020-11-30,22.6765,24.4077,21.893,24.1825,0
2020-12-07,24.172,24.861,23.5215,23.9295,0
2020-12-14,23.9165,26.125,23.674,25.7925,0
2020-12-21,25.7915,27.409,24.9695,25.7995,0
2020-12-28,25.7995,26.77,25.7995,26.335,0
2021-01-04,26.356,27.922,24.48,25.404,0
2021-01-11,25.4175,25.89,24.3502,24.731,0
2021-01-19,24.9385,26.043,24.9305,25.4685,0
2021-01-25,25.4685,27.652,24.6999,26.9366,0
2021-02-01,26.9797,30.0941,25.9025,26.8965,0
2021-02-08,26.8965,27.808,26.6995,27.314,0
2021-02-16,27.55,27.952,26.1554,27.2297,0
2021-02-22,27.2675,28.322,26.1405,26.641,0
2021-03-01,26.641,27.072,24.838,25.2375,0
2021-03-08,25.2,26.453,24.952,25.9025,0
2021-03-15,25.9025,26.631,25.764,26.2345,0
2021-03-22,26.2185,26.2397,24.4105,25.0455,0
2021-03-29,25.036,25.11,23.7805,24.9215,0
2021-04-05,24.935,25.615,24.6095,25.267,0
2021-04-12,25.267,26.3,24.6899,25.94,0
2021-04-19,25.922,26.641,25.6365,25.9935,0
2021-04-26,25.971,26.473,25.7085,25.894,0
2021-05-03,25.894,27.6692,25.8055,27.4331,0
2021-05-10,27.406,27.876,26.7265,27.4063,0
2021-05-17,27.396,28.745,27.206,27.529,0
2021-05-24,27.529,28.228,27.403,27.908,0
2021-06-01,28.0506,28.553,27.041,27.792,0
2021-06-07,27.792,28.281,27.474,27.889,0
2021-06-14,27.89,28.018,25.764,25.779,0
2021-06-21,25.779,26.295,25.556,26.077,0
2021-06-28,26.077,26.564,25.529,26.459,0
2021-07-06,26.4326,26.773,25.771,26.099,0
2021-07-12,26.099,26.464,25.602,25.655,0
2021-07-19,25.655,25.758,24.763,25.161,0
2021-07-26,25.144,25.798,24.5,25.454,0
2021-08-02,25.45,26.002,24.201,24.31,0
2021-08-09,24.298,24.3618,22.3916,23.711,0
2021-08-16,23.711,23.954,22.881,23.013,0
2021-08-23,23.013,24.114,22.982,23.989,0
2021-08-30,23.989,24.868,23.761,24.69,0
2021-09-07,24.675,24.822,23.734,23.737,0
2021-09-13,23.737,23.964,22.335,22.3598,0
2021-09-20,22.396,23.141,22.044,22.39,0
2021-09-27,22.382,22.843,21.429,22.506,0
2021-10-04,22.5,23.187,22.2183,22.656,0
2021-10-11,22.62,23.585,22.3553,23.261,0
2021-10-18,23.28,24.821,23.021,24.3,0
2021-10-25,24.3135,24.612,23.6667,23.863,0
2021-11-01,23.869,24.17,23.0292,24.149,0
2021-11-08,24.14,25.385,24.036,25.304,0
2021-11-15,25.27,25.401,24.563,24.604,0
2021-11-22,24.57,24.881,22.928,23.11,0
2021-11-29,23.11,23.436,22.0432,22.52,0
2021-12-06,22.521,22.6,21.8372,22.149,0
2021-12-13,22.14,22.6736,21.4331,22.333,0
2021-12-20,22.34,22.93,22.1872,22.8568,0
2021-12-27,22.96,23.4296,22.5992,23.29,0
2022-01-03,23.28,23.3998,21.9572,22.343,0
2022-01-10,22.43,23.305,22.202,22.942,0
2022-01-18,23.0128,24.699,22.813,24.271,0
2022-01-24,24.27,24.306,22.156,22.453,0
2022-01-31,22.465,23.039,22.01,22.486,0
2022-02-07,22.486,23.708,22.486,23.546,0
2022-02-14,23.53,24.087,23.084,23.902,0
2022-02-22,23.901,25.616,23.846,24.253,0
2022-02-28,24.266,25.737,24.102,25.6615,0
2022-03-07,25.6745,26.945,25.301,25.852,0
2022-03-14,25.83,25.947,24.475,24.94,0
2022-03-21,24.94,25.847,24.582,25.481,0
2022-03-28,25.486,25.584,23.9789,24.614,0
2022-04-04,24.6085,24.943,24.135,24.714,0
2022-04-11,24.714,25.871,24.679,25.644,0
2022-04-18,25.64,26.215,24.056,24.105,0
2022-04-25,24.092,24.176,22.69,22.74,0
2022-05-02,22.74,23.274,22.107,22.33,0
2022-05-09,22.33,22.366,20.462,21.077,0
2022-05-16,21.06,22.078,20.849,21.73,0
2022-05-23,21.73,22.441,21.675,22.1,0
2022-05-31,21.9817,22.4842,21.441,21.91,0
2022-06-06,21.91,22.512,21.284,21.87,0
2022-06-13,21.87,22.006,20.9018,21.666,0
2022-06-21,21.56,21.935,20.616,21.11,0
2022-06-27,21.11,21.5362,19.391,19.87,0
2022-07-05,19.939,20.199,18.929,19.291,0
2022-07-11,19.29,19.405,18.148,18.69,0
2022-07-18,18.69,19.093,18.249,18.563,0
2022-07-25,18.553,20.362,18.3248,20.32,0
2022-08-01,20.32,20.508,19.557,19.886,0
2022-08-08,19.86,20.84,19.806,20.786,0
2022-08-15,20.78,20.871,19.022,19.022,0
2022-08-22,19.02,19.425,18.723,18.88,0
2022-08-29,18.88,18.908,17.563,18.034,0
2022-09-06,18.146,18.9444,17.8508,18.819,0
2022-09-12,18.819,20.009,18.787,19.56,0
2022-09-19,19.5762,19.917,18.782,18.852,0
2022-09-26,18.8632,19.2892,17.971,19,0
2022-10-03,18.989,21.236,18.989,20.11,0
2022-10-10,20.119,20.1772,18.0958,18.237,0
2022-10-17,18.25,19.415,18.2328,19.4,0
2022-10-24,19.404,19.7732,18.798,19.22,0
2022-10-31,19.229,20.9042,18.84,20.8482,0
2022-11-07,20.8482,22.058,20.3918,21.681,0
2022-11-14,21.671,22.2462,20.761,20.928,0
2022-11-21,20.9342,21.594,20.5918,21.378,0
2022-11-28,21.4493,23.2301,20.876,23.119,0
2022-12-05,23.105,23.678,22.032,23.456,0
2022-12-12,23.4602,24.125,22.56,23.212,0
2022-12-19,23.212,24.292,22.842,23.703,0
2022-12-27,23.7223,24.282,23.469,23.932,0
2023-01-03,23.954,24.541,23.124,23.79,0
2023-01-09,23.79,24.291,23.223,24.2562,0
2023-01-17,24.233,24.367,23.173,23.9272,0
2023-01-23,23.905,24.2892,22.765,23.573,0
2023-01-30,23.5892,24.628,22.295,22.34,0
2023-02-06,22.3392,22.6092,21.84,21.969,0
2023-02-13,21.974,22.077,21.1848,21.689,0
2023-02-21,21.799,21.976,20.7458,20.751,0
2023-02-27,20.749,21.266,20.43,21.225,0
2023-03-06,21.253,21.2998,19.9088,20.5232,0
2023-03-13,20.502,22.597,20.502,22.59,0
2023-03-20,22.568,23.521,22.143,23.2202,0
2023-03-27,23.2202,24.156,22.8342,24.096,0
2023-04-03,24.0962,25.133,23.5768,24.97,0
2023-04-10,24.9592,26.082,24.729,25.317,0
2023-04-17,25.3482,25.6022,24.651,25.083,0
2023-04-24,25.083,25.3582,24.497,25.035,0
2023-05-01,25.034,26.1292,24.584,25.641,0
2023-05-08,25.653,25.916,23.7438,23.9622,0
2023-05-15,23.9,24.207,23.333,23.845,0
2023-05-22,23.8442,23.9162,22.687,23.3072,0
2023-05-30,23.143,24.015,22.9338,23.6122,0
2023-06-05,23.6122,24.521,23.257,24.268,0
2023-06-12,24.2752,24.399,23.228,24.1812,0
2023-06-20,23.945,24.0212,22.1168,22.412,0
2023-06-26,22.41,23.091,22.284,22.745,0
2023-07-03,22.7632,23.3035,22.531,23.05,0
2023-07-10,23.0812,25.018,22.754,24.92,0
2023-07-17,24.9352,25.2622,24.57,24.57,0
2023-07-24,24.6012,25.1442,24.048,24.335,0
2023-07-31,24.3372,24.8352,23.232,23.6282,0
2023-08-07,23.6282,23.6782,22.5813,22.677,0
2023-08-14,22.6842,23.007,22.2313,22.735,0
2023-08-21,22.7412,24.377,22.6753,24.2132,0
2023-08-28,24.2132,25.007,24.053,24.16,0
2023-09-05,23.99,23.9982,22.843,22.91,0
2023-09-11,22.89,23.286,22.3058,23.024,0
2023-09-18,23.0272,23.768,22.819,23.5512,0
2023-09-25,23.5512,23.6432,22.119,22.171,0
2023-10-02,22.1722,22.183,20.696,21.5852,0
2023-10-09,21.5852,22.816,21.578,22.7,0
2023-10-16,22.7022,23.694,22.376,23.35,0
2023-10-23,23.3642,23.3642,22.448,23.09,0
2023-10-30,23.1032,23.602,22.545,23.208,0
2023-11-06,23.2082,23.2532,22.2008,22.2582,0
2023-11-13,22.241,24.141,21.885,23.699,0
2023-11-20,23.712,24.3335,23.25,24.306,0
2023-11-27,24.3192,25.517,24.271,25.4792,0
2023-12-04,25.474,25.914,22.9473,22.988,0
2023-12-11,22.994,24.286,22.516,23.853,0
2023-12-18,23.856,24.603,23.667,24.1798,0
2023-12-26,24.1461,24.486,23.544,23.778,0
2024-01-02,23.778,24.0906,22.693,23.182,0
2024-01-08,23.1812,23.5282,22.482,23.187,0
2024-01-16,23.201,23.2202,22.432,22.6092,0
2024-01-22,22.606,23.024,21.933,22.778,0
2024-01-29,22.79,23.32,22.407,22.682,0
2024-02-05,22.6812,22.7278,22.151,22.591,0
2024-02-12,22.6032,23.4972,21.9408,23.398,0
2024-02-20,22.954,23.1882,22.5678,22.944,0
2024-02-26,22.9462,23.2672,22.282,23.1262,0
2024-03-04,23.1262,24.628,23.0278,24.305,0
2024-03-11,24.296,25.443,24.014,25.173,0
2024-03-18,25.1802,25.77,24.41,24.661,0
2024-03-25,24.661,25.003,24.3338,24.94,0
2024-04-01,24.9572,27.491,24.753,27.462,0
2024-04-08,27.4722,29.791,26.8703,27.845,0
2024-04-15,27.88,29.012,27.598,28.669,0
2024-04-22,28.6822,28.707,26.674,27.203,0
2024-04-29,27.1822,27.431,26.023,26.5522,0
2024-05-06,26.5522,28.762,26.442,28.14,0
2024-05-13,28.1662,31.592,27.975,31.49,0
2024-05-20,31.4752,32.512,30.053,30.35,0
2024-05-28,31.607,32.296,30.2,30.376,0
2024-06-03,30.4012,31.543,29.127,29.157,0
2024-06-10,29.1701,30.254,28.665,29.541,0
2024-06-17,29.5482,30.848,28.932,29.533,0
2024-06-24,29.5432,29.722,28.576,29.131,0
2024-07-01,29.1372,31.49,28.966,31.207,0
2024-07-08,31.2152,31.75,30.395,30.775,0
2024-07-15,30.7822,31.4238,28.877,29.205,0
2024-07-22,29.2112,29.448,27.429,27.915,0
2024-07-29,27.9172,29.22,27.314,28.54,0
2024-08-05,28.5552,28.669,26.449,27.447,0
2024-08-12,27.4482,29.032,27.185,29.0042,0
2024-08-19,29.0042,29.964,28.732,29.824,0
2024-08-26,29.8232,30.186,28.698,28.8582,0
2024-09-03,28.524,29.178,27.69,27.926,0
2024-09-09,27.9292,30.917,27.7088,30.705,0
2024-09-16,30.7102,31.43,29.713,31.159,0
2024-09-23,31.159,32.71,30.364,31.6222,0
2024-09-30,31.6222,32.956,30.892,32.189,0
2024-10-07,32.1912,32.334,30.129,31.523,0
2024-10-14,31.5322,33.752,30.768,33.696,0
2024-10-21,33.6962,34.863,33.091,33.693,0
2024-10-28,33.7067,34.542,32.342,32.441,0
2024-11-04,32.4432,32.915,30.841,31.296,0
2024-11-11,31.3032,31.558,29.683,30.235,0
2024-11-18,30.246,31.529,30.246,31.327,0
2024-11-25,31.334,31.469,29.981,30.6212,0
2024-12-02,30.602,31.474,30.062,30.964,0
2024-12-09,30.964,32.3239,30.297,30.547,0
2024-12-16,30.547,30.75,28.749,29.488,0
2024-12-23,29.505,29.891,29.328,29.354,0
2024-12-30,29.354,29.896,28.78,29.597,0
2025-01-06,29.592,30.659,29.416,30.38,0
2025-01-13,30.38,30.972,29.51,30.324,0
2025-01-21,30.49,31.023,30.103,30.519,0
2025-01-27,30.581,31.734,29.709,31.2986,0
2025-02-03,31.304,32.646,30.69,31.77,0
2025-02-10,31.789,33.3942,31.26,32.11,0
2025-02-18,32.356,33.205,32.085,32.422,0
2025-02-24,32.4402,32.756,30.819,31.117,0
2025-03-03,31.1402,32.761,31.125,32.5062,0
2025-03-10,32.5062,34.08,31.819,33.834,0
2025-03-17,33.834,34.237,32.667,33.02,0
2025-03-24,33.0282,34.584,32.8958,34.112,0
2025-03-31,34.1072,34.4627,29.2003,29.589,0
2025-04-07,29.5782,32.296,28.339,32.275,0
2025-04-14,32.2812,33.11,31.751,32.5538,0
2025-04-21,32.476,33.6837,32.107,33.081,0
2025-04-28,33.0952,33.532,31.674,31.9982,0
2025-05-05,31.9982,33.257,31.983,32.717,0
2025-05-12,32.7292,33.229,31.6568,32.277,0
2025-05-19,32.2652,33.697,32.131,33.48,0
2025-05-27,33.484,33.524,32.707,32.975,0
2025-06-02,32.9752,36.332,32.964,35.967,0
2025-06-09,35.9782,36.885,35.4664,36.291,0
2025-06-16,36.2992,37.313,35.522,35.974,0
2025-06-23,36.0172,36.83,35.292,35.959,0
2025-06-30,35.9892,37.071,35.42,36.839,0
2025-07-07,36.9212,38.531,36.165,38.389,0
2025-07-14,38.4072,39.1265,37.508,38.147,0
2025-07-21,38.1662,39.523,37.961,38.143,0
2025-07-28,38.1582,38.337,36.22,37.018,0
2025-08-04,37.0252,38.503,36.679,38.317,0
2025-08-11,38.3082,38.732,37.515,37.987,0
2025-08-18,37.987,39.062,36.97,38.888,0
2025-08-25,38.874,39.9667,38.093,39.691,0
2025-09-02,40.705,41.462,40.1501,40.967,0
2025-09-08,40.967,42.457,40.541,42.156,0
2025-09-15,42.156,43.0942,41.1308,43.059,0
2025-09-22,43.059,46.624,43.0367,46.032,0
2025-09-29,46.02,48.367,45.8161,47.979,0
2025-10-06,47.979,51.2385,47.3432,50.126,0
2025-10-13,50.1395,54.468,50.1395,51.861,0
2025-10-20,51.86,52.7665,47.5648,48.6235,4
2025-10-27,48.452,49.359,45.564,48.6562,5
2025-11-03,48.63,49.108,46.8808,48.326,5
2025-11-10,48.31,54.3942,48.31,50.517,5
2025-11-17,50.5335,52.4652,48.6368,49.989,5
2025-11-24,50.043,56.5326,49.7334,56.397,4
2025-12-01,56.496,59.3333,56.1935,58.291,5
2025-12-08,58.27,64.6584,57.5184,61.92,5
2025-12-15,61.913,67.4515,61.4915,67.153,5
2025-12-22,67.166,79.329,67.166,79.329,4
2025-12-29,79.256,83.757,70.0996,72.819,4
2026-01-05,72.755,82.751,72.755,79.904,5
2026-01-12,80.6974,93.694,79.959,90.078,5
2026-01-20,94.306,103.2672,90.363,103.2672,4
2026-01-26,104.402,121.647,74.4065,85.3133,5
2026-02-02,80.982,92.1962,64.1025,77.941,5
2026-02-09,78.616,86.302,74.0126,77.338,5
2026-02-17,76.5374,84.703,72.002,84.625,4
2026-02-23,84.569,94.147,84.569,93.76,5
2026-03-02,93.744,96.396,77.9871,84.476,5
2026-03-09,84.476,90.0113,79.456,80.584,5
2026-03-16,80.584,82.535,65.5275,70.2635,3